SID,NAME,crossing_time,crossing_lon,crossing_lat,JTWC,JMA,CMA,HKO,KMA,JTWC_minus_CMA_ms,JMA_minus_CMA_ms,CMA_minus_CMA_ms,HKO_minus_CMA_ms,KMA_minus_CMA_ms
2015012N09146,MEKKHALA,2015-01-17 08:49:51.774547582+00:00,125.46971101003204,12.135920707119974,28.84072006047135,27.225623753448417,29.277199202206983,32.225207917816135,33.58374916896561,-0.4364791417356315,-2.051575448758566,0.0,2.948008715609152,4.306549966758627
2015171N15112,KUJIRA,2015-06-22 10:25:05.852450188+00:00,110.5318089710604,18.794552823151637,20.398569441087105,23.15,22.25090179072844,18.005555555555556,21.905922936902073,-1.8523323496413369,0.8990982092715569,0.0,-4.245346235172885,-0.34497885382636895
2015183N13130,LINFA,2015-07-04 18:52:37.940647800+00:00,122.41227942644996,17.258480382366677,23.92166666666667,22.773938652280943,23.416784884951763,25.722222222222225,26.375049763392056,0.5048817817149072,-0.64284623267082,0.0,2.3054373372704617,2.9582648784402927
2015184N08172,NANGKA,2015-07-16 13:26:12.253692103+00:00,134.1802719052754,33.239456189449214,29.95252843761181,34.77924204761126,30.424872365706815,37.967398801583414,38.1122825269779,-0.4723439280950039,4.354369681904448,0.0,7.542526435876599,7.687410161271085
2015211N13162,SOUDELOR,2015-08-07 21:46:29.519315939+00:00,121.59336893956004,23.88874332383249,46.3383150405735,39.826803041893164,42.93365140284062,45.63562374316881,44.548825509107054,3.404663637732881,-3.1068483609474526,0.0,2.70197234032819,1.615174106266437
2015226N12151,GONI,2015-08-24 19:27:51.694829417+00:00,130.1220299729032,32.16133787535462,49.70850633153449,43.788894335370166,47.46987189528869,46.36111655759239,42.87333741819429,2.238634436245796,-3.6809775599185244,0.0,-1.1087553376963015,-4.596534477094401
2015256N16113,VAMCO,2015-09-14 13:24:28.881122901+00:00,108.5479943664651,15.623467042235657,16.18379590465269,18.005555555555556,16.211987170394174,14.829708858049484,19.64352348154098,-0.028191265741483562,1.7935683851613824,0.0,-1.38227831234469,3.4315363111468073
2015263N14148,DUJUAN,2015-09-28 10:11:14.533429482+00:00,121.6437888808764,24.139579013235952,50.73407474341453,44.022900502840955,42.35452047616454,51.20346529486835,43.390406968371245,8.379554267249993,1.6683800266764166,0.0,8.848944818703814,1.035886492206707
2015273N12130,MUJIGAE,2015-10-01 16:51:47.620478159+00:00,121.56524682086008,15.605268992549975,14.353000000000002,20.09043937278489,16.323621797873493,15.433333333333334,18.25470299645582,-1.9706217978734912,3.7668175749113963,0.0,-0.8902884645401592,1.9310811985823264
2015285N14151,KOPPU,2015-10-17 21:41:33.127381935+00:00,121.669204205215,16.0,52.995419969608214,48.27843725419943,48.39868969324089,51.83987810352137,45.62712830016183,4.596730276367325,-0.1202524390414581,0.0,3.441188410280482,-2.771561393079061
2015344N07145,MELOR,2015-12-15 03:35:15.360631085+00:00,121.44123998246982,13.17938000876508,51.69057496487737,43.72777777777778,49.692172456803256,44.76198251744016,38.281045687594855,1.9984025080741148,-5.9643946790254745,0.0,-4.930189939363096,-11.411126769208401
2016185N08145,NEPARTAK,2016-07-07 22:04:18.336536832+00:00,120.953510639328,22.535725338304,49.29505924717777,41.06326403043727,48.204013632283505,52.17879648502747,47.05281034560668,1.0910456148942629,-7.140749601846238,0.0,3.9747828527439637,-1.1512032866768251
2016207N17116,MIRINAE,2016-07-26 13:42:07.433651212+00:00,110.5312192709918,18.78510324515573,20.850896179044316,20.57777777777778,25.267811466414067,19.848096249868437,19.479588111005864,-4.416915287369751,-4.690033688636287,0.0,-5.4197152165456295,-5.788223355408203
2016211N11128,NIDA,2016-08-02 00:28:16.119432963+00:00,113.39791873783088,22.84711442869343,28.142472170802662,22.74603739842485,23.317795902487852,27.688500542081716,28.36453002715622,4.824676268314811,-0.571758504063002,0.0,4.370704639593864,5.046734124668369
2016228N22117,DIANMU,2016-08-19 04:32:11.798714697+00:00,106.69267784918344,20.651220358469423,19.72077849574029,20.57777777777778,21.73013333333333,23.15,19.51122049079931,-2.0093548375930403,-1.1523555555555518,0.0,1.4198666666666675,-2.2189128425340208
2016230N15138,MINDULLE,2016-08-22 04:58:07.729280965+00:00,139.91406780742977,35.62501698377518,29.117128253320292,31.308740057333644,28.64426666666667,28.736517835111425,24.62096227955587,0.47286158665362166,2.6644733906669735,0.0,0.09225116844475423,-4.023304387110802
2016253N13144,MERANTI,2016-09-14 20:04:11.010695957+00:00,118.1240366408905,24.61045877899822,38.191269525021426,33.34921454303379,40.851380174415056,43.54842908606758,33.95144441282829,-2.66011064939363,-7.502165631381267,0.0,2.697048911652523,-6.899935761586768
2016255N12114,RAI,2016-09-12 19:03:47.627275665+00:00,108.63419255030097,15.488602483233004,14.353000000000002,18.005555555555556,16.79146666666667,15.433333333333334,18.30514756023323,-2.438466666666667,1.214088888888888,0.0,-1.3581333333333347,1.513680893566562
2016256N12146,MALAKAS,2016-09-20 03:59:31.752366494+00:00,135.22993315522615,33.79803835878431,27.914867874748616,29.165307257523896,27.010961633889607,32.588209184317506,30.874739910069895,0.9039062408590084,2.1543456236342884,0.0,5.577247550427899,3.8637782761802875
2016265N10150,MEGI,2016-09-27 05:57:07.519648683+00:00,121.61357484246474,24.092813318695157,47.90063913153803,41.176095268173725,43.021610747517634,46.32053971261817,43.22565716090424,4.879028384020394,-1.8455154793439092,0.0,3.2989289651005365,0.20404641338660667
2016287N12131,SARIKA,2016-10-15 18:30:24.699955694+00:00,121.63949398537868,15.742238424900346,53.40317169974752,48.00304930093953,51.306859161127434,50.57527152316175,42.86566416482026,2.096312538620083,-3.3038098601879042,0.0,-0.7315876379656814,-8.441194996307175
2016288N06146,HAIMA,2016-10-19 15:54:46.427398858+00:00,122.15656093341784,17.62607470830692,52.7318497116708,48.089498001197704,51.169111020851275,48.984247001796554,50.34863053501011,1.562738690819522,-3.0796130196535714,0.0,-2.1848640190547215,-0.8204804858411663
2017161N13119,MERBOK,2017-06-12 16:53:35.560898301+00:00,114.58155352267732,22.733981704095896,17.62770763004132,24.098968777822208,23.005547370726376,21.526746555599985,20.253127088897777,-5.377839740685054,1.093421407095832,0.0,-1.478800815126391,-2.7524202818285985
2017182N15132,NANMADOL,2017-07-04 03:19:20.713009889+00:00,132.504199510999,33.18761569939455,23.92166666666667,25.722222222222225,23.7056,25.722222222222225,26.751111111111115,0.21606666666666996,2.0166222222222245,0.0,2.0166222222222245,3.0455111111111144
2017195N16114,TALAS,2017-07-16 17:25:27.181843274+00:00,105.83434932497296,18.58080723928958,21.759061412063907,25.722222222222225,23.7056,25.722222222222225,20.557013789384744,-1.946538587936093,2.0166222222222245,0.0,2.0166222222222245,-3.1485862106152567
2017200N26162,NORU,2017-08-05 16:58:22.859152389+00:00,130.43153442874797,30.248650821560968,35.88250000000001,30.866666666666667,32.368256094419394,39.02360499291246,35.68665687754883,3.5142439055806136,-1.5015894277527266,0.0,6.655348898493067,3.3184007831294338
2017206N13129,NESAT,2017-07-29 11:39:10.886742894+00:00,121.85204638571275,24.5306048190497,38.41300403224718,41.15555555555556,36.16650655566218,38.732083188796246,32.074055382111055,2.2464974765849988,4.989048999893377,0.0,2.5655766331340644,-4.092451173551126
2017209N19118,HAITANG,2017-07-30 09:35:35.202595726+00:00,120.41977039440484,22.478507563631673,19.137333333333338,21.609619649737336,19.95561516983074,23.15,23.562736748783824,-0.8182818364974018,1.6540044799065967,0.0,3.194384830169259,3.607121578953084
2017232N19130,HATO,2017-08-23 05:23:14.189547836+00:00,113.06339336682686,22.128515402013228,40.91112343688194,38.583333333333336,40.30580451536343,46.3,32.21076859239246,0.60531892151851,-1.722471182030091,0.0,5.99419548463657,-8.095035922970965
2017236N15129,PAKHAR,2017-08-25 13:29:16.110872106+00:00,122.02723509447604,16.17357766715159,20.343137973034867,22.512170953244553,21.73013333333333,20.57777777777778,22.121111111111112,-1.3869953602984637,0.7820376199112218,0.0,-1.1523555555555518,0.3909777777777812
2017242N19122,MAWAR,2017-09-03 14:07:21.672412488+00:00,115.85235320885454,22.776890565103905,15.052559812709118,21.32999263015317,19.109322720753894,19.66777409285437,18.243325963486505,-4.056762908044776,2.2206699093992768,0.0,0.5584513721004747,-0.8659967572673892
2017253N14130,DOKSURI,2017-09-15 03:59:59.703205714+00:00,106.46668590333331,17.766665292619045,40.6669319418608,41.15555555555556,40.0032,42.87044105748683,33.61056829429645,0.663731941860803,1.152355555555559,0.0,2.8672410574868294,-6.39263170570355
2017284N15134,KHANUN,2017-10-12 16:49:33.984878976+00:00,122.27390838747374,18.2,16.27714201364159,18.005555555555556,16.79146666666667,18.005555555555556,20.68962037015764,-0.5143246530250778,1.214088888888888,0.0,1.214088888888888,3.898153703490973
2017288N09138,LAN,2017-10-22 17:48:51.483709673+00:00,138.1411953263139,34.61953044653481,33.78648192330407,41.314775227582835,38.0888736873918,41.2351653915692,43.26109923494152,-4.30239176408773,3.225901540191032,0.0,3.1462917041773935,5.172225547549715
2017354N08134,TEMBIN,2017-12-21 19:26:56.412652702+00:00,126.38604923849476,7.875849941422675,23.343957015399425,25.10102904881658,25.9531854642367,23.15,22.121111111111112,-2.609228448837275,-0.8521564154201187,0.0,-2.8031854642367016,-3.832074353125588
2018039N08151,SANBA,2018-02-12 23:39:25.628428800+00:00,126.185720248,9.15999721760002,16.74516666666667,18.005555555555556,16.79146666666667,18.005555555555556,18.064353296035527,-0.046299999999998676,1.214088888888888,0.0,1.214088888888888,1.272886629368859
2018153N12113,EWINIAR,2018-06-05 23:38:10.726570788+00:00,110.52424580424464,20.5,16.74516666666667,18.005555555555556,18.766933333333338,17.849641564371126,17.818458766134242,-2.021766666666668,-0.7613777777777813,0.0,-0.9172917689622118,-0.9484745671990957
2018184N10147,MARIA,2018-07-11 01:40:59.803153154+00:00,119.56696175967625,26.45610928845513,42.7667112760116,40.84126660503039,32.62418441795022,39.398011018656696,35.65257434890822,10.14252685806138,8.217082187080173,0.0,6.773826600706478,3.0283899309579994
2018195N19138,SON-TINH,2018-07-17 20:37:16.376594379+00:00,110.51363528380176,18.85631307132232,19.137333333333338,19.45405289012409,19.57258154903825,20.902550224692625,19.164353423210382,-0.4352482157049131,-0.11852865891416187,0.0,1.3299686756543743,-0.4082281258278684
2018199N18128,AMPIL,2018-07-22 05:27:30.394625784+00:00,121.8992854588721,31.700714541127905,26.31383333333334,23.15,23.97305697429982,23.382167512413037,23.242867004965216,2.3407763590335193,-0.8230569742998206,0.0,-0.5908894618867819,-0.730189969334603
2018204N15137,JONGDARI,2018-07-28 15:22:28.802370198+00:00,136.89388861456035,34.48122227708794,30.79941110463792,33.117646349073034,30.805207161776774,33.117646349073034,30.352678602961294,-0.005796057138855559,2.3124391872962597,0.0,2.3124391872962597,-0.45252855881548015
2018218N18134,YAGI,2018-08-12 14:35:42.288204785+00:00,121.5944813200602,28.262267345658373,19.46021199686292,19.465257345983648,21.56956077095527,23.15,20.647214049504573,-2.10934877409235,-2.104303424971622,0.0,1.5804392290447282,-0.9223467214506975
2018222N16147,LEEPI,2018-08-14 17:21:56.918186918+00:00,131.59025681775677,32.29430176791288,19.390181120857743,21.12153646062597,19.080138334653892,18.549314238403745,18.22305902869483,0.3100427862038515,2.0413981259720764,0.0,-0.5308240962501465,-0.8570793059590613
2018226N23128,RUMBIA,2018-08-16 20:17:00.694105140+00:00,121.3671772339261,30.728352614031667,23.01123748077875,23.15,22.95376170455707,23.15,21.092222222222222,0.0574757762216791,0.19623829544292803,0.0,0.19623829544292803,-1.8615394823348481
2018227N11145,SOULIK,2018-08-23 10:21:57.920565795+00:00,126.06384075383784,34.28214520614056,25.22452910677691,31.56713034414529,29.451200823122043,31.56713034414529,34.98222222222223,-4.226671716345134,2.115929521023247,0.0,2.115929521023247,5.531021399100183
2018239N11161,JEBI,2018-09-04 04:19:32.874998061+00:00,135.0977395831718,34.63499594879589,40.94464583805002,40.01880600612009,37.15470967936689,44.445514114171154,39.38487231233513,3.7899361586831333,2.8640963267531987,0.0,7.290804434804265,2.230162632968245
2018250N12170,MANGKHUT,2018-09-14 18:26:44.521022747+00:00,122.1811465909076,18.007428338068273,66.09217553088384,55.824595438753114,61.31004785983706,68.68570654986422,55.53943902934939,4.782127671046773,-5.485452421083949,0.0,7.375658690027159,-5.770608830487674
2018263N12146,TRAMI,2018-09-29 23:48:11.445800540+00:00,130.85079484725975,30.454075190775775,38.35313795080897,43.72777777777778,42.9664,41.15555555555556,43.21333333333334,-4.613262049191029,0.7613777777777813,0.0,-1.8108444444444416,0.2469333333333381
2018294N08161,YUTU,2018-10-29 20:34:17.141375966+00:00,122.4000000960022,16.757142864000155,47.159857634971175,38.950794003563566,43.38971469210522,43.72777777777778,41.89047640213814,3.7701429428659523,-4.438920688541657,0.0,0.3380630856725588,-1.4992382899670815
2018365N08115,PABUK,2019-01-04 08:22:18.306491087+00:00,100.28376642625602,8.239529196718,22.030458131688555,22.133221217753704,20.558804176185596,24.705443439975927,19.896307896811848,1.4716539555029584,1.5744170415681076,0.0,4.14663926379033,-0.6624962793737481
2019195N13136,DANAS,2019-07-20 11:58:59.718783627+00:00,126.29832552176742,35.59804644206201,11.96750938502,18.012734105756273,16.796979793220817,15.447690433734769,13.895742840160574,-4.829470408200818,1.2157543125354557,0.0,-1.3492893594860487,-2.901236953060243
2019205N23137,NARI,2019-07-26 20:31:56.064452860+00:00,136.1110200104829,33.89085602935207,15.73557659651306,18.005555555555556,15.7493091748952,15.433333333333334,16.26862640260311,-0.01373257838214137,2.2562463806603557,0.0,-0.3159758415618672,0.5193172277079103
2019210N16117,WIPHA,2019-08-01 10:20:36.696079072+00:00,110.39325521965964,21.161960557385942,19.797760039946528,20.57777777777778,21.73013333333333,23.15,20.808167724754185,-1.932373293386803,-1.1523555555555518,0.0,1.4198666666666675,-0.9219656085791463
2019213N17155,FRANCISCO,2019-08-05 19:41:57.050492048+00:00,131.53184418334888,32.11151646024321,36.24230496036175,32.36888583099478,32.555730397754985,33.82577594304131,30.465862874877967,3.686574562606765,-0.18684456676020744,0.0,1.2700455452863224,-2.089867522877018
2019214N15134,LEKIMA,2019-08-09 17:59:44.908409372+00:00,121.40041921085071,28.299441052198972,43.062342740745066,43.72957495022136,49.877772876459986,43.72957495022136,39.09849664675521,-6.815430135714919,-6.148197926238623,0.0,-6.148197926238623,-10.779276229704777
2019216N16147,KROSA,2019-08-15 00:50:01.888608609+00:00,132.5,32.894566854261754,25.981378802473944,25.364744232050832,26.256985355322556,27.936966454273055,28.522906496751776,-0.27560655284861113,-0.8922411232717238,0.0,1.679981098950499,2.265921141429221
2019231N13135,BAILU,2019-08-24 22:29:12.431402181+00:00,117.37654157492932,23.5730179750909,19.740643148800057,20.57777777777778,20.012476178167866,24.4474404633693,19.302996018924855,-0.2718330293678086,0.5653015996099136,0.0,4.434964285201435,-0.7094801592430109
2019243N06136,LINGLING,2019-09-07 05:55:34.604492852+00:00,125.19508526838617,37.87296897612383,31.156950952377976,30.898271121350167,31.662079164359753,36.07432002047811,35.00750578596902,-0.505128211981777,-0.7638080430095862,0.0,4.412240856118359,3.3454266216092705
2019268N10155,MITAG,2019-10-01 11:56:27.232854281+00:00,122.39802993383591,29.887194569933627,28.729563633043927,30.866666666666667,31.62692566685778,30.917341146331022,31.92596024335417,-2.8973620338138524,-0.7602590001911125,0.0,-0.7095845205267572,0.2990345764963891
2019278N16165,HAGIBIS,2019-10-12 08:56:33.588316361+00:00,138.78853268424234,34.631843416717004,38.32038621751945,38.632494140701915,38.0654888333924,42.46624707035096,39.62205438369594,0.2548973841270481,0.5670053073095147,0.0,4.400758236958559,1.5565655503035387
2019302N11118,BULBUL:MATMO,2019-10-30 15:35:11.977485735+00:00,109.32289024391406,13.419555347090148,23.92166666666667,25.722222222222225,23.7056,25.722222222222225,21.91990831771693,0.21606666666666996,2.0166222222222245,0.0,2.0166222222222245,-1.785691682283069
2019308N13114,NAKRI,2019-11-10 17:14:31.863234993+00:00,109.37578157680572,12.787369737199048,21.831636936636823,21.227534630760193,22.353899912196447,18.65531240853797,19.554249926830376,-0.5222629755596238,-1.1263652814362537,0.0,-3.6985875036584765,-2.79964998536607
2019314N14136,KALMAEGI,2019-11-19 17:49:48.225941988+00:00,122.20849686191684,18.522658298444867,31.233672732324656,23.51426361736019,26.724750891626528,25.940780392638334,24.31002379113856,4.508921840698129,-3.210487274266338,0.0,-0.783970498988193,-2.414727100487969
2019329N09160,KAMMURI,2019-12-02 14:45:41.276133823+00:00,124.1477068814542,12.99204885309096,56.311019009654544,46.3,47.90506666666667,51.44444444444445,43.21333333333334,8.405952342987874,-1.6050666666666729,0.0,3.53937777777778,-4.691733333333332
2019354N05151,PHANFONE,2019-12-24 08:48:19.384255380+00:00,125.69865387115414,11.187025634358896,41.78532455414718,37.213789843169,35.533010048103634,33.272024130782455,33.33877003402503,6.252314506043547,1.6807797950653693,0.0,-2.260985917321179,-2.194240014078602
2020129N07134,VONGFONG,2020-05-14 04:33:55.562488051+00:00,125.51518489633116,12.176090567074311,47.27137984869606,43.72777777777778,45.22111568354608,46.3,40.12666666666667,2.050264165149976,-1.4933379057682998,0.0,1.078884316453916,-5.094449016879409
2020213N15131,HAGUPIT,2020-08-03 19:53:42.153324819+00:00,120.94207978414772,27.984256388534146,32.10478523645323,33.57387577979061,35.79165734747817,36.958509779119666,29.458320224235056,-3.6868721110249396,-2.2177815676875596,0.0,1.1668524316414945,-6.3333371232431155
2020222N15117,MEKKHALA,2020-08-10 23:20:44.991262364+00:00,117.75451409114896,24.058263363012667,33.22951974991293,23.43044471335528,35.02920435234662,35.16977697104528,20.39986698935967,-1.799684602433686,-11.59875963899134,0.0,0.14057261869866267,-14.629337362986949
2020239N13134,MAYSAK,2020-09-02 16:03:18.609121219+00:00,128.5758615333898,34.754481526796525,36.65789323520939,39.417089500225146,38.668058069506245,40.25084566711696,41.127174066936846,-2.0101648342968517,0.749031430718901,0.0,1.582787597610718,2.459115997430601
2020244N25146,HAISHEN,2020-09-06 23:10:24.704092800+00:00,129.1862254819111,35.15563704777779,36.54151886043273,37.074044756970345,36.59648869334659,38.937644548619744,36.32860484031058,-0.05496983291386215,0.47755606362375147,0.0,2.3411558552731506,-0.26788385303601103
2020258N11127,NOUL,2020-09-18 00:31:21.585773522+00:00,108.05609073306186,16.3,21.112734558528228,22.92593255834851,23.103306716840795,22.70186511669702,23.9100079589071,-1.9905721583125668,-0.17737415849228455,0.0,-0.40144160014377306,0.8067012420663069
2020285N17120,NANGKA,2020-10-13 11:26:05.733853917+00:00,110.56592529177118,19.062328404702185,23.696374830287667,23.15,23.7056,23.15,24.081989174317275,-0.00922516971233378,-0.5556000000000019,0.0,-0.5556000000000019,0.3763891743172749
2020296N09137,MOLAVE,2020-10-28 04:22:24.017717918+00:00,108.92533234900452,15.03733382549774,34.78741533479497,37.40582294063975,33.348067029918404,37.40582294063975,37.59788473181146,1.4393483048765674,4.0577559107213474,0.0,4.0577559107213474,4.249817701893058
2020299N11144,GONI,2020-10-31 20:49:09.976140367+00:00,124.34213117608726,13.606018739441035,72.3409131146481,56.898519595688946,61.59616124090033,69.91444606020008,50.756149333035616,10.744751873747774,-4.697641645211384,0.0,8.318284819299748,-10.840011907864714
2020313N08135,VAMCO,2020-11-11 17:05:02.522063019+00:00,121.52899152340144,15.038935593759618,45.81635725948676,36.4037891679069,40.0032,41.15555555555556,37.040000000000006,5.813157259486758,-3.599410832093099,0.0,1.152355555555559,-2.9631999999999934
2021148N05142,CHOI-WAN,2021-06-01 17:49:34.592902212+00:00,124.04922185491849,11.894209193539002,14.353000000000002,18.005555555555556,16.79146666666667,18.005555555555556,18.035346037682697,-2.438466666666667,1.214088888888888,0.0,1.214088888888888,1.2438793710160283
2021161N18115,KOGUMA,2021-06-11 23:42:48.214444151+00:00,110.05254463478856,18.39044643003844,11.846564675284782,18.005555555555556,18.67256953829969,15.433333333333334,14.91888888888889,-6.826004863014909,-0.6670139827441339,0.0,-3.239236204966357,-3.7536806494108
2021197N17135,IN-FA,2021-07-26 00:45:43.756537866+00:00,121.16189227030736,30.638107729692592,18.83346653095679,25.722222222222225,23.7056,27.96770594726537,28.220759593966548,-4.872133469043209,2.0166222222222245,0.0,4.262105947265368,4.515159593966548
2021198N19117,CEMPAKA,2021-07-20 15:38:05.190576768+00:00,111.69710206998218,21.76057958600356,30.08584134727284,27.75018352003916,25.623819025141852,27.75018352003916,26.409646316487525,4.462022322130988,2.126364494897306,0.0,2.126364494897306,0.7858272913456723
2021214N21110,LUPIT,2021-08-05 07:32:21.738243059+00:00,117.07696858670914,23.60262478227887,20.9157610416464,20.57777777777778,18.766933333333338,19.9178434139567,20.300300985636927,2.148827708313064,1.8108444444444416,0.0,1.1509100806233619,1.533367652303589
2021248N11131,CONSON,2021-09-07 02:26:28.375874338+00:00,123.91519152259087,12.162747701376636,25.340534267558827,23.15,26.6688,25.722222222222225,21.70248785701455,-1.3282657324411744,-3.5188000000000024,0.0,-0.946577777777776,-4.966312142985451
2021248N12141,CHANTHU,2021-09-17 14:38:01.526196241+00:00,132.69739886530573,33.84389595461222,15.695102272417827,23.15,19.562258454884116,19.448676278585477,19.862908112726508,-3.867156182466289,3.5877415451158825,0.0,-0.11358217629863887,0.30064965784239206
2021280N14137,KOMPASU,2021-10-13 07:20:58.623598647+00:00,110.56259558342724,19.05501274445697,23.38358160099239,27.137272260198685,27.53338136979074,31.703130612520248,27.767433923067703,-4.149799768798349,-0.3961091095920537,0.0,4.169749242729509,0.23405255327696395
2021346N05145,RAI,2021-12-16 10:48:32.116505254+00:00,124.55732362456212,10.080148687524323,58.836629439816775,49.893461964026365,51.74327462238408,49.893461964026365,48.039932134609415,7.093354817432697,-1.8498126583577132,0.0,-1.8498126583577132,-3.7033424877746626
2022180N15117,CHABA,2022-07-02 08:46:14.031401305+00:00,111.01529571479062,21.523232499116386,32.56867424298751,31.26010644155915,29.021968850563447,29.875635386724916,31.181418486580657,3.546705392424066,2.238137590995702,0.0,0.8536665361614695,2.159449636017211
2022221N24149,MEARI,2022-08-13 05:30:10.170969345+00:00,138.1254237903894,34.6254237903894,14.55122080306315,20.57777777777778,18.766933333333338,20.57777777777778,20.063333333333336,-4.2157125302701886,1.8108444444444416,0.0,1.8108444444444416,1.2963999999999984
2022232N18131,MA-ON,2022-08-23 03:01:11.071509796+00:00,122.1960515827891,17.502632278140595,26.31383333333334,25.722222222222225,23.7056,25.722222222222225,25.47346350541039,2.608233333333338,2.0166222222222245,0.0,2.0166222222222245,1.7678635054103893
2022247N26147,MUIFA,2022-09-14 16:24:30.354056010+00:00,121.85915683177753,30.855160197815415,32.36726555916803,34.803511353944124,33.3105155030556,32.91360036424952,33.26017802061079,-0.9432499438875652,1.4929958508885264,0.0,-0.3969151388060794,-0.05033748244481018
2022254N24143,NANMADOL,2022-09-18 08:23:21.858431631+00:00,130.62035316267009,31.177881023979523,41.15371490633942,43.2269595263539,41.7863524581199,41.67908412868038,45.38944301875664,-0.6326375517804834,1.4406070682340015,0.0,-0.10726832943952047,3.603090560636737
2022264N17132,NORU,2022-09-25 11:34:21.282662956+00:00,121.4783606051272,15.185752617249596,55.531065044874694,44.09425212296871,50.26753024185496,51.81091878963538,43.616455113043365,5.263534803019731,-6.173278118886252,0.0,1.5433885477804168,-6.651075128811598
2022299N11134,NALGAE,2022-10-28 19:15:56.182249801+00:00,123.58359845487485,13.54218687268335,26.31383333333334,25.722222222222225,26.6688,25.722222222222225,26.751111111111115,-0.35496666666666243,-0.946577777777776,0.0,-0.946577777777776,0.08231111111111389
2023201N13134,DOKSURI,2023-07-25 23:31:08.574470718+00:00,121.41603171786367,18.908015858931854,50.81075811624484,46.71237140949451,52.5873925985355,54.22285237141392,45.08656379426227,-1.7766344822906603,-5.875021189040993,0.0,1.63545977287842,-7.500828804273233
2023218N25145,LAN,2023-08-14 19:33:56.423035560+00:00,135.8173381423661,33.50875640872448,33.38559938798129,30.19545682472615,30.318743770140877,32.09646920500786,31.090103745226937,3.0668556178404103,-0.12328694541472629,0.0,1.77772543486698,0.7713599750860602
2023234N18128,SAOLA,2023-09-02 05:59:06.241653896+00:00,111.9022399310876,21.7,28.723860961611596,25.735025778933046,23.72526626310782,28.320051557866087,24.198094223955124,4.998594698503776,2.009759515825227,0.0,4.5947852947582675,0.4728279608473045
2023239N18144,HAIKUI,2023-09-03 07:14:11.303647747+00:00,121.2320974656448,22.879392112741908,48.26359996123074,32.378727577722614,43.38521285320094,47.28198025547281,38.43040856880063,4.8783871080297985,-11.006485275478326,0.0,3.8967674022718697,-4.954804284400311
2023271N14144,KOINU,2023-10-04 23:30:28.454948861+00:00,120.84100798729486,21.99179840254103,53.02005842776211,41.57748218038935,46.45616442779258,46.510963312416905,39.56189706509495,6.56389399996953,-4.878682247403226,0.0,0.054798884624325694,-6.894267362697626
2024201N12133,GAEMI,2024-07-24 13:52:49.346236216+00:00,121.60598130227476,23.94473522499252,49.62888807011054,32.63276561024477,46.35730997166995,50.63832116580033,41.27863746458745,3.2715780984405924,-13.724544361425181,0.0,4.281011194130379,-5.078672507082501
2024218N23143,MARIA,2024-08-11 23:51:08.677722211+00:00,141.72213842824118,38.98278122247908,21.588343122323273,23.213272174541153,21.778726363380937,28.231172269903297,24.242161063430043,-0.19038324105766335,1.4345458111602163,0.0,6.45244590652236,2.463434700049106
2024233N15148,SHANSHAN,2024-08-28 23:14:15.884893657+00:00,130.1745915267931,31.9983661071725,36.4903130265638,39.23689572748795,36.55420258537741,36.664673505265725,39.81669641134785,-0.06388955881361369,2.682693142110537,0.0,0.11047091988831426,3.262493825970438
2024244N09137,YAGI,2024-09-01 11:57:08.394568525+00:00,124.4071502263114,13.793644243278733,16.726161629954092,18.005555555555556,14.322133333333335,17.9851200322087,17.981032927539328,2.4040282966207567,3.6834222222222213,0.0,3.6629866988753665,3.6588995942059928
2024253N11148,BEBINCA,2024-09-15 23:22:54.679087800+00:00,121.94423376282776,30.869092765108338,33.49033333333334,33.70388981027479,40.0032,41.15555555555556,32.425557398327356,-6.51286666666666,-6.299310189725212,0.0,1.152355555555559,-7.577642601672643
2024259N12145,PULASAN,2024-09-19 13:32:07.373132294+00:00,121.81851340529984,30.853538142563742,14.353000000000002,18.005555555555556,20.97185962659187,22.49177629623137,18.005555555555556,-6.618859626591867,-2.966304071036312,0.0,1.5199166696395032,-2.966304071036312
2024270N24128,KRATHON,2024-10-03 04:50:16.066898010+00:00,120.32251975737056,22.561259878685288,33.953697467691754,26.22046322690869,36.05226666666667,34.43537089826182,29.40677809451265,-2.0985691989749142,-9.831803439757977,0.0,-1.616895768404845,-6.645488572154019
2024293N13141,TRAMI,2024-10-23 15:26:26.656818774+00:00,122.4985805660582,17.02938253368101,20.50913646080146,25.722222222222225,23.7056,25.722222222222225,26.751111111111115,-3.1964635391985396,2.0166222222222245,0.0,2.0166222222222245,3.0455111111111144
2024298N13150,KONG-REY,2024-10-31 05:45:46.710634366+00:00,121.33555372356808,23.052595035242575,48.03233429421204,38.78656017298785,46.18322709588884,48.97383564204949,43.47752822488421,1.8491071983232032,-7.396666922900991,0.0,2.790608546160648,-2.7056988710046284
2024312N14145,TORAJI,2024-11-11 00:26:57.034808978+00:00,122.21016473283451,16.35240390584651,35.52433178065954,35.43342043475552,35.867405650232875,35.81854755232592,34.52006968113775,-0.3430738695733382,-0.4339852154773567,0.0,-0.048858097906958164,-1.347335969095127
2024313N10169,MAN-YI,2024-11-17 07:22:38.219166212+00:00,121.62454337965482,15.960683028534667,57.803412364651315,49.67310534416944,53.15911832073226,53.63665705509721,46.62852602854055,4.644294043919054,-3.4860129765628187,0.0,0.4775387343649484,-6.530592292191713
2024314N07151,USAGI,2024-11-14 05:40:14.683771227+00:00,122.1548757513321,17.861586974067546,48.499693049057754,44.0100830318528,50.17864768163655,49.01337484925973,40.49366349696419,-1.6789546325787938,-6.168564649783747,0.0,-1.1652728323768144,-9.68498418467236
