SID,NAME,crossing_time,crossing_lon,crossing_lat,segment_hours,fraction,original_JTWC,JTWC,original_JMA,JMA,original_CMA,CMA,original_HKO,HKO,original_KMA,KMA,all_original,available_count,common_intensity_ms,disagreement_ms
2001047N09134,UNNAMED,2001-02-18 04:51:18.861577579+00:00,125.00987279003067,10.823682621807029,6.0,0.8092065545175728,True,11.960833333333335,False,,False,,False,,False,,False,1,11.960833333333335,
2001125N05129,CIMARON,2001-05-07 20:44:40.683138753+00:00,125.27979267605889,11.13723171026047,6.0,0.4574390342015704,True,11.960833333333335,False,,False,,False,,False,,False,1,11.960833333333335,
2001170N11138,CHEBI,2001-06-23 15:46:08.229824339+00:00,119.58844763644913,25.86786993987856,6.0,0.6281587881638586,True,41.55633948558069,True,22.490694234223707,True,30.48066646485476,True,31.82312489488963,False,,False,4,31.151895679872197,
2001180N15118,DURIAN,2001-07-01 20:28:12.523224004+00:00,110.3883091099998,21.005845445000094,6.0,0.41169089000018744,True,35.88250000000001,True,28.748745754776813,True,32.76965170316763,True,34.952150655166186,False,,False,4,33.86090117916691,
2001181N08141,UTOR,2001-07-06 00:08:42.122333755+00:00,114.76857597065361,22.807251699079938,6.0,0.02417233026645249,True,30.866869695790406,True,23.025646789851475,True,28.524887584924084,True,30.74231345651814,False,,False,4,29.63360052072111,
2001189N13130,TRAMI,2001-07-11 10:20:35.423693293+00:00,121.03806889598854,22.66193110401142,6.0,0.7238622080228367,True,16.74516666666667,True,,True,17.336967670124487,True,18.715843320474594,False,,False,3,17.336967670124487,
2001204N19127,YUTU,2001-07-25 19:09:32.401780071+00:00,111.00683325092257,21.43863334981548,6.0,0.19316674907739184,True,34.4962388252461,True,,True,30.081088771023662,True,29.872931057524085,False,,False,3,30.081088771023662,
2001206N14134,TORAJI,2001-07-29 16:10:07.657748+00:00,121.5136407211296,23.616879381888896,6.0,0.6947989698148263,True,47.11324160229204,True,33.22180128292892,True,34.9394908723004,True,34.22393376097631,False,,False,4,34.58171231663835,
2001213N18139,UNNAMED,2001-08-03 09:04:19.354918161+00:00,121.72718637293946,24.25840502049598,6.0,0.5120071721371175,False,,False,,True,14.322133333333335,False,,False,,False,1,14.322133333333335,
2001220N17118,USAGI,2001-08-10 17:36:04.357192912+00:00,106.00634391163607,18.380060516568236,6.0,0.933535055227452,True,19.137333333333334,True,18.005555555555556,True,16.922765949566678,True,18.176518163498276,False,,False,4,18.091036859526916,
2001225N18146,PABUK,2001-08-21 10:23:02.000679819+00:00,135.58451854369707,33.5114537257349,6.0,0.7306481796212836,True,26.95816777964929,True,28.294444444444448,True,27.200895542764144,True,30.866666666666667,False,,False,4,27.747669993604298,
2001239N19116,FITOW,2001-08-29 12:09:22.711930541+00:00,110.98436911304049,19.802605147826583,6.0,0.026051478265827654,True,11.960833333333335,True,,True,14.322133333333335,True,15.433333333333334,False,,False,3,14.322133333333335,
2001246N19156,DANAS,2001-09-11 00:25:00.362371145+00:00,139.5625150987977,35.28335346506363,6.0,0.0694612208863532,True,33.32417051610303,True,28.115774748497884,True,28.301220850449265,True,30.687996970720103,False,,False,4,29.494608910584684,
2001248N23125,NARI,2001-09-07 16:59:27.539422033+00:00,127.86726778848083,26.4,6.0,0.831830528797866,True,31.88117571989052,True,30.434097415741178,True,26.170480222933836,True,28.294444444444448,False,,False,4,29.364270930092815,
2001264N21126,LEKIMA,2001-09-26 11:20:47.578007643+00:00,120.93267252767157,22.45643662977117,6.0,0.891091574427918,True,32.40080219353008,True,26.282495567109713,True,31.822611631103463,True,31.426940011554155,False,,False,4,31.62477582132881,
2001309N10130,LINGLING,2001-11-06 17:21:45.909735684+00:00,125.19558709434648,10.5,6.0,0.8937921173927919,True,14.353000000000002,True,,True,14.322133333333335,True,15.160143057515903,False,,False,3,14.353000000000002,
2001338N10130,KAJIKI,2001-12-05 05:16:45.149064710+00:00,125.13214518651938,10.663960403676533,6.0,0.8798680122551161,True,14.353000000000002,True,18.005555555555556,True,16.79146666666667,True,15.124327164856215,False,,False,4,15.957896915761442,
2001361N01106,VAMEI,2001-12-27 07:10:01.365019426+00:00,104.28329541612703,1.5194507639788242,6.0,0.1945076397882417,True,29.236987897412913,True,22.14936625308938,False,,True,20.077460904322468,False,,False,3,22.14936625308938,
2002078N04138,UNNAMED,2002-03-21 07:14:56.930298600+00:00,126.41262790422502,7.945733852269458,6.0,0.2081912175277978,True,14.353000000000002,False,,True,14.322133333333335,False,,False,,False,2,14.337566666666667,
2002146N17113,UNNAMED,2002-05-29 23:38:26.834820954+00:00,120.06407874502656,23.14611811753976,6.0,0.9401312417108443,True,11.960833333333335,False,,False,,False,,False,,False,1,11.960833333333335,
2002155N20112,NOGURI,2002-06-11 04:26:15.649050184+00:00,135.09695613127303,33.95734274932006,6.0,0.739613381952978,False,,True,,False,,False,,False,,False,0,,
2002178N04155,CHATAAN,2002-07-11 11:59:34.558072061+00:00,144.29893991966924,42.9981154127453,6.0,0.9988221329658131,False,,True,23.150000000000002,True,21.732460170397133,False,,False,,False,2,22.44123008519857,
2002178N10139,RAMMASUN,2002-07-05 22:35:23.239169516+00:00,126.5474471645498,36.24744716454979,6.0,0.7649647763665257,True,17.30741009413521,True,21.182340603012772,True,19.463389708004044,True,21.182340603012772,False,,False,4,20.32286515550841,
2002189N21116,NAKRI,2002-07-09 15:59:01.795966333+00:00,120.59838322128707,24.432794407095685,6.0,0.6639720354784231,True,16.74516666666667,True,20.57777777777778,True,18.766933333333334,True,20.57777777777778,False,,False,4,19.672355555555555,
2002195N11172,FENGSHEN,2002-07-27 18:27:43.639753534+00:00,120.06919185641607,35.87702035895991,6.0,0.07702035895991344,False,,True,,True,14.322133333333335,True,15.235219854453112,False,,False,2,14.778676593893223,
2002199N08130,UNNAMED,2002-07-19 01:15:30.109322785+00:00,125.51124544488391,11.525836370077371,6.0,0.20972728346228564,True,14.353000000000002,False,,True,14.322133333333335,False,,False,,False,2,14.337566666666667,
2002214N19120,KAMMURI,2002-08-04 23:24:20.764196852+00:00,115.68019226108197,22.92076904432786,6.0,0.9009613054098224,True,23.92166666666667,True,25.97697175330696,True,23.999071459809613,True,25.97697175330696,False,,False,4,24.988021606558284,
2002222N11131,UNNAMED,2002-08-13 09:06:30.948173985+00:00,121.67104087600109,14.4,6.0,0.5180994524993139,True,10.721453093046225,False,,False,,False,,False,,False,1,10.721453093046225,
2002227N14115,VONGFONG,2002-08-19 11:41:58.208669511+00:00,110.62504146598354,21.229883895246143,6.0,0.9499170680329598,True,26.31383333333334,True,20.57777777777778,True,28.396923759992113,True,25.722222222222225,False,,False,4,26.01802777777778,
2002234N14164,RUSA,2002-08-29 11:30:26.527030874+00:00,129.57389470704692,28.358947384973938,6.0,0.9178947699478783,True,38.27466666666667,True,38.583333333333336,True,38.02773333333333,True,43.72777777777778,False,,False,4,38.429,
2002240N16155,SINLAKU,2002-09-07 11:23:41.055777589+00:00,120.5109647520672,27.2,6.0,0.8991229526661755,True,31.339481376730397,True,31.38562303239512,True,34.031311633322716,True,34.21732343748157,False,,False,4,32.708467332858916,
2002252N20121,HAGUPIT,2002-09-11 20:08:32.880489823+00:00,111.77150663945423,21.707123340136437,6.0,0.357077800454789,True,11.960833333333335,True,,True,21.942111769487283,True,23.885255315438144,False,,False,3,21.942111769487283,
2002264N13114,MEKKHALA,2002-09-25 13:01:22.498956024+00:00,109.0659027874442,18.368194425111575,6.0,0.1704860627789344,True,26.31383333333334,True,22.711471960740855,True,21.224949032106792,True,20.57777777777778,False,,False,4,21.968210496423822,
2002268N15163,HIGOS,2002-10-01 10:46:19.490092726+00:00,139.57255482168347,35.26557496701174,6.0,0.7953467635521747,True,39.74336061803449,True,35.01812969681127,True,32.92139501885809,True,33.965302491529684,False,,False,4,34.49171609417048,
2003098N03159,KUJIRA,2003-04-25 09:37:50.712137141+00:00,132.42050224761874,33.37076367999984,6.0,0.6051255619046856,True,14.353000000000002,False,,False,,False,,False,,False,1,14.353000000000002,
2003144N16119,LINFA,2003-05-26 22:25:27.775619688+00:00,119.76869850971502,16.1,6.0,0.7373970194300341,True,26.31383333333334,True,25.04674899997837,True,23.186836565316717,True,25.04674899997837,False,,False,4,25.04674899997837,
2003196N05150,IMBUDO,2003-07-22 02:27:00.710915713+00:00,122.34661400624344,16.645019747658704,6.0,0.40836624609784167,True,50.13543272479807,True,40.10514682253722,True,42.9664,True,46.771404756185554,False,,False,4,44.86890237809278,
2003196N11137,KONI,2003-07-17 03:17:56.340603573+00:00,125.04020329980142,11.109966116699757,6.0,0.5498305834987889,True,20.214213605840314,True,,True,14.322133333333335,True,15.433333333333334,False,,False,3,15.433333333333334,
2003212N09150,ETAU,2003-08-08 12:41:50.324411457+00:00,134.09297497820216,33.32784059502795,6.0,0.1162187227526772,True,42.50297089077694,True,37.08863142681974,True,36.93719882234101,True,43.12989701517234,False,,False,4,39.79580115879834,
2003212N12130,MORAKOT,2003-08-03 13:09:45.880007151+00:00,120.88372555535688,22.35503259285747,6.0,0.1937907410718367,True,30.63458691556599,True,22.65152714935411,True,23.7056,True,23.150000000000002,False,,False,4,23.4278,
2003226N07156,KROVANH,2003-08-22 12:00:45.036492357+00:00,122.19645546124963,17.499582995441138,6.0,0.0020850227943185473,True,38.26469122261105,True,33.417436321027346,True,33.58293333333334,True,33.43888888888889,False,,False,4,33.51091111111111,
2003230N18125,VAMCO,2003-08-20 01:26:48.021988862+00:00,120.6142205934176,27.589334554936784,6.0,0.24111212911398638,True,15.591605870275654,False,,True,20.53936089834906,True,14.813139356779024,False,,False,3,15.591605870275654,
2003240N20139,DUJUAN,2003-09-02 16:37:11.215430022+00:00,113.1600726453683,22.523003632268416,6.0,0.7699636773158431,True,33.29930755965714,True,24.925113623379413,True,25.97774543792565,True,33.23348483117255,False,,False,4,29.605615134549097,
2003259N13133,CHOI-WAN,2003-09-19 21:41:18.456860303+00:00,129.19179469852975,28.16884602389731,6.0,0.6147433731621845,True,31.098166666666668,True,30.866666666666667,True,28.64426666666667,True,32.44792323207829,False,,False,4,30.982416666666666,
2003283N26131,UNNAMED,2003-10-12 06:55:10.088144662+00:00,130.31454275011703,31.253244821512148,6.0,0.15324482151214625,True,14.353000000000002,False,,False,,False,,False,,False,1,14.353000000000002,
2003294N11112,UNNAMED,2003-10-23 23:00:40.256608664+00:00,121.98463794565117,10.916480293478406,6.0,0.8351970652159366,True,9.568666666666667,False,,False,,False,,False,,False,1,9.568666666666667,
2003295N09101,UNNAMED,2003-10-24 14:43:26.541153491+00:00,99.98219542558127,12.281602613953554,6.0,0.454006534883888,True,11.960833333333335,False,,False,,False,,False,,False,1,11.960833333333335,
2003302N11133,MELOR,2003-11-01 00:18:59.802256138+00:00,122.4630619639214,16.931661173781627,6.0,0.05276862296938134,True,35.75626865908675,True,25.450756972946408,True,26.6688,True,28.294444444444448,False,,False,4,27.481622222222224,
2003316N11141,NEPARTAK,2003-11-13 15:54:51.133075527+00:00,125.45621236477575,12.269526545596971,6.0,0.652367272015141,True,23.92166666666667,True,24.04418862809439,True,21.73013333333333,True,22.255811371905615,False,,False,4,23.088739019286145,
2004134N07132,NIDA,2004-05-16 21:53:54.078770689+00:00,124.41016447859192,13.824862934506712,6.0,0.6497258690134231,True,63.87216153401678,True,47.20098290359326,True,47.90506666666667,True,51.44444444444445,False,,False,4,49.67475555555556,
2004158N07142,CHANTHU,2004-06-08 23:52:38.209277797+00:00,125.12658925642887,10.68363738065916,6.0,0.9795467258239512,True,16.696239025958533,True,,True,11.358933333333333,False,,False,,False,2,14.027586179645933,
2004174N14146,MINDULLE,2004-07-01 14:01:43.030019380+00:00,121.49856902750861,23.53667226914659,6.0,0.338103241637981,True,29.480568057590023,True,29.996989995120085,True,27.976354982918892,True,29.996989995120085,False,,False,4,29.738779026355054,
2004193N19136,KOMPASU,2004-07-16 08:37:49.427389194+00:00,114.2684801751501,22.582239357783063,6.0,0.4383994161664191,True,16.74516666666667,True,,True,18.4824704583725,True,19.76701783858247,False,,False,3,18.4824704583725,
2004208N19118,UNNAMED,2004-07-27 02:20:18.707191913+00:00,116.24922053367027,22.93385297755314,6.0,0.3897549625885688,False,,False,,True,17.687906665334765,True,14.430796957341627,False,,False,2,16.059351811338196,
2004215N22148,MALOU,2004-08-05 22:40:26.963175551+00:00,139.9685391094133,40.111610429176885,6.0,0.7790260729422016,False,,True,,False,,False,,False,,False,0,,
2004219N15137,RANANIM,2004-08-12 12:11:20.217941488+00:00,121.35906095722521,28.20314915713652,6.0,0.031491571365194204,True,40.44083407143102,True,30.54265338795367,True,42.51537351603151,True,43.403764499064785,False,,False,4,41.478103793731265,
2004230N09172,CHABA,2004-08-30 00:33:43.981087188+00:00,130.28433254529955,31.687405656221188,6.0,0.09370282811059383,True,42.834847218021444,True,40.673506562053284,True,37.61124300294736,True,40.91453105880442,False,,False,4,40.79401881042885,
2004231N09147,AERE,2004-08-25 14:34:23.641247795+00:00,118.62824049201043,24.785563860004743,6.0,0.42887227999051447,True,33.83063205509872,True,28.660357048493243,True,34.003424589785006,True,31.232579270715465,False,,False,4,32.53160566290709,
2004255N23120,HAIMA,2004-09-10 23:58:45.776030909+00:00,120.19793822308083,22.800687258973056,6.0,0.9965637051347187,True,11.952613143299772,True,,True,14.311950904388533,False,,False,,False,2,13.132282023844152,
2004263N13153,MEARI,2004-09-28 23:20:56.149362156+00:00,130.33723259459418,31.61319071711689,6.0,0.8914883963961131,True,31.098166666666668,True,30.866666666666667,True,28.965808250465706,True,31.145782624825554,False,,False,4,30.982416666666666,
2004284N07157,TOKAGE,2004-10-20 09:25:42.212655548+00:00,135.41419620215947,34.61421708832227,6.0,0.5713987340531617,True,24.946952328355835,True,34.17403976888977,True,30.760985452089457,True,34.17403976888977,False,,False,4,32.467512610489614,
2004327N16125,MERBOK,2004-11-22 13:58:08.318820475+00:00,121.53591854582231,15.565632581671064,6.0,0.32816290835532413,False,,True,,True,16.79146666666667,True,13.705219036491751,False,,False,2,15.24834285157921,
2005071N06152,ROKE,2005-03-16 17:13:24.272236747+00:00,125.04592049769354,11.064715920445664,6.0,0.8705681591086716,True,36.19212253538554,True,23.815854914807616,True,24.34482071821531,True,26.05514967962603,False,,False,4,25.199985198920672,
2005192N22155,HAITANG,2005-07-18 07:03:36.258738979+00:00,121.61166067733842,24.088339322661554,6.0,0.17667864532310773,True,45.02852190061291,True,37.674419857948905,True,41.308541820898796,True,42.81886430239335,False,,False,4,42.06370306164607,
2005210N19115,WASHI,2005-07-29 21:27:05.740768561+00:00,110.53978737894215,19.030106310528915,6.0,0.5752657763222828,True,20.513464947925623,True,22.057489191317874,True,22.569181634401208,True,20.57777777777778,False,,False,4,21.317633484547827,
2005211N09141,MATSA,2005-08-05 20:14:14.443895280+00:00,121.37626544735332,28.186445460538906,6.0,0.3728909210778113,True,29.314132203256726,True,32.47973057522763,True,39.46739047176373,True,39.23723892823304,False,,False,4,35.85848475173033,
2005222N14131,SANVU,2005-08-13 03:40:41.826531679+00:00,116.83217148523113,23.413047524614814,6.0,0.6130475246148137,True,25.232119252802388,True,25.722222222222225,True,25.616629291768973,True,27.712877734481573,False,,False,4,25.6694257569956,
2005237N14148,TALIM,2005-08-31 17:43:43.524267555+00:00,121.56329009376958,23.8,6.0,0.9547927901645892,True,45.7755962080505,True,41.388121535042174,True,43.39060034658358,True,46.41628298974331,False,,False,4,44.58309827731704,
2005248N08142,KHANUN,2005-09-11 08:13:09.068659827+00:00,121.53013571019312,28.70685071878751,6.0,0.3698642898068272,True,45.811614873668844,True,36.68058704243821,True,41.87716641711092,True,40.873658341435096,False,,False,4,41.37541237927301,
2005257N15120,VICENTE,2005-09-18 07:21:51.730986181+00:00,106.44521009387205,17.850134448370362,6.0,0.22739495306396407,True,23.377700039778823,True,19.99286742628547,True,18.317722183387243,True,22.565089648507694,False,,False,4,21.278978537396583,
2005262N13127,DAMREY,2005-09-25 19:55:09.856271552+00:00,110.51208932201865,18.972039698674962,6.0,0.31990075331259504,True,36.74415482923478,True,39.509843902402984,True,43.32340542428991,True,45.58079891591708,False,,False,4,41.41662466334645,
2005268N19146,LONGWANG,2005-10-01 21:19:25.795352396+00:00,121.55824758800583,23.776986003527696,6.0,0.5539720070553926,True,49.719059855155976,True,40.600243571852296,True,42.43330049564487,True,51.16678845259282,False,,False,4,46.076180175400424,
2005279N17111,UNNAMED,2005-10-07 15:22:09.055559042+00:00,107.48231661504877,16.7,6.0,0.5615303499556603,True,13.009725814514404,False,,False,,True,13.988952488725163,False,,False,2,13.499339151619782,
2005301N13117,KAI-TAK,2005-11-02 08:57:11.039577579+00:00,105.7046933450672,19.09217775822126,6.0,0.49217775822125986,True,16.782590878750085,False,,True,14.322133333333335,True,18.045796643817297,False,,False,3,16.782590878750085,
2005311N08140,TEMBIN,2005-11-10 13:23:38.183741801+00:00,121.56767667862033,15.916161660689841,6.0,0.23232332137968115,True,20.417987789412482,True,,True,16.217782945073107,True,19.98019056778449,False,,False,3,19.98019056778449,
2005316N05134,BOLAVEN,2005-11-20 00:36:01.323670952+00:00,122.51995097514992,17.070042896743846,6.0,0.10006128106263645,True,16.505803405484667,True,,True,14.322133333333335,True,17.74817570482222,False,,False,3,16.505803405484667,
2006128N09138,CHANCHU,2006-05-11 13:05:21.742135976+00:00,125.50028165048269,12.154468640777447,6.0,0.18156213592482118,True,35.013846221023684,True,27.82742628370449,True,28.285596719218383,True,28.294444444444448,False,,False,4,28.290020581831413,
2006180N06140,EWINIAR,2006-07-10 02:39:14.122609593+00:00,126.42116024559243,34.540408933251285,6.0,0.44232049118488703,True,18.07922899833722,True,27.453426876356623,True,25.586003814548867,True,26.01895125090442,False,,False,4,25.80247753272664,
2006184N16110,UNNAMED,2006-07-03 11:18:28.684479983+00:00,110.22306773629646,18.63852584592484,6.0,0.8846613185177432,False,,False,,True,13.980361752365111,False,,False,,False,1,13.980361752365111,
2006188N10143,BILIS,2006-07-14 05:03:13.513542592+00:00,119.65770770636146,26.27383383491083,6.0,0.8422922936385362,True,19.514596451567684,True,28.294444444444448,True,24.484465792483817,True,26.12788148914088,False,,False,4,25.306173640812347,
2006198N08152,KAEMI,2006-07-24 15:36:20.968092966+00:00,121.17883510594629,22.7807765960358,6.0,0.6009707450447479,True,27.268377816062127,True,31.893058583579343,True,34.169340891280704,True,37.03750302802379,False,,False,4,33.03119973743002,
2006209N13130,PRAPIROON,2006-07-31 06:34:27.127236330+00:00,122.20429966498472,16.238280134006118,6.0,0.09570033501529451,True,14.353000000000002,True,,True,14.322133333333335,True,12.861111111111112,False,,False,3,14.322133333333335,
2006216N07151,SAOMAI,2006-08-10 09:58:05.158548825+00:00,120.4063800806208,27.132269986563198,6.0,0.6613499328159946,True,57.45015554047936,True,48.0421664567355,True,47.81659141555162,True,51.48547190732547,False,,False,4,49.76381918203049,
2006224N21141,WUKONG,2006-08-17 15:00:52.303919424+00:00,131.4483049655742,31.850726443325343,6.0,0.5024214777511418,True,25.12354257836036,True,24.42988253222901,True,22.71308311808521,True,24.42988253222901,False,,False,4,24.42988253222901,
2006234N18109,UNNAMED,2006-08-24 20:49:13.122206400+00:00,112.364974023,21.735025977000006,6.0,0.470051954000013,True,13.228557384039638,False,,True,14.322133333333335,False,,False,,False,2,13.775345358686486,
2006253N20120,UNNAMED,2006-09-13 09:23:31.084511249+00:00,111.51733600668405,21.52613119465276,6.0,0.5653279866318996,True,10.608474567978725,False,,True,11.358933333333333,False,,False,,False,2,10.983703950656029,
2006264N13115,UNNAMED,2006-09-25 04:08:48.023425580+00:00,106.45599804786832,17.81466731737722,6.0,0.6911121956287047,False,,False,,True,12.274229675246357,False,,False,,False,1,12.274229675246357,
2006268N12129,XANGSANE,2006-09-27 08:44:49.020747297+00:00,124.18795746886258,13.037347510379131,6.0,0.4578250345971071,True,57.21022090719077,True,41.372522322017105,True,45.64402142913642,True,37.18873883899145,False,,False,4,43.50827187557677,
2006298N12143,CIMARON,2006-10-29 13:33:56.543364657+00:00,122.26076359379374,16.526095108169713,6.0,0.26095108169712944,True,63.85947427033426,True,50.10199610193588,True,54.839907556597716,True,52.674218324158105,False,,False,4,53.75706294037791,
2006311N16143,CHEBI,2006-11-11 00:08:31.683974888+00:00,121.66920420521501,16.0,6.0,0.0236890729115089,True,49.95215894708427,True,46.17813288046635,True,42.849407565247695,True,48.68942154292175,False,,False,4,47.43377721169405,
2006329N06150,DURIAN,2006-11-30 05:14:53.995463648+00:00,123.72527798779407,13.4,6.0,0.8747220122059503,True,60.403538319602674,True,46.300000000000004,True,48.46190226681366,True,46.622242824159144,False,,False,4,47.542072545486405,
2006340N08142,UTOR,2006-12-09 05:31:20.369553360+00:00,125.58757377274554,11.28407749586445,6.0,0.920387479322244,True,31.098166666666668,True,30.866666666666667,True,28.64426666666667,True,33.23410779403444,False,,False,4,30.982416666666666,
2006349N08157,TRAMI,2006-12-19 22:51:30.685619433+00:00,125.32829524336483,12.419024603613735,6.0,0.8097539638626472,False,,True,,True,11.358933333333333,False,,False,,False,1,11.358933333333333,
2007184N16112,TORAJI,2007-07-04 05:25:11.150992702+00:00,110.12901179176805,18.561317610975973,6.0,0.9032940274399266,True,14.121663195974213,True,,True,14.322133333333335,False,,False,,False,2,14.221898264653774,
2007188N04148,MAN-YI,2007-07-14 04:38:10.338201902+00:00,130.76813160109322,31.404511095484843,6.0,0.7727008426806492,True,39.36214160166821,True,36.59577505466033,True,38.02773333333333,True,43.72777777777778,False,,False,4,38.69493746750077,
2007208N20155,USAGI,2007-08-02 09:06:14.598536799+00:00,131.69306299005927,32.46907677733702,6.0,0.5173425248518413,True,40.58386091360051,True,35.832675799857725,True,33.17326699613691,True,37.07417808315549,False,,False,4,36.453426941506606,
2007216N18138,PABUK,2007-08-10 11:09:45.541792258+00:00,113.55582330014335,22.386044174964155,6.0,0.8604417496415806,False,,True,,True,14.942441844526439,True,17.838206265545978,False,,False,2,16.39032405503621,
2007223N19136,SEPAT,2007-08-17 21:33:48.697962777+00:00,121.40607879801956,23.234529081782394,6.0,0.5939212019804359,True,48.81474149799581,True,38.66151343008495,True,44.97188782381929,True,43.24460537203398,False,,False,4,44.10824659792664,
2007240N17153,FITOW,2007-09-06 14:04:31.009597870+00:00,138.87294003698776,34.61882011096322,6.0,0.34588007397547926,True,34.22769443274332,True,35.12143069860752,True,32.89965877653058,True,33.43888888888889,False,,False,4,33.8332916608161,
2007254N18140,NARI,2007-09-16 10:43:49.151477709+00:00,127.73070931398922,34.98257996372983,6.0,0.7883866424865573,True,30.224643260195226,True,25.871582903575668,True,25.79577566994611,True,27.899488545082757,False,,False,4,26.885535724329213,
2007257N16134,WIPHA,2007-09-18 19:05:33.802147555+00:00,120.51787953020573,27.22748432885596,6.0,0.1821204697942278,True,47.62152489704346,True,37.177970374754544,True,40.358046348877764,True,41.385506180146464,False,,False,4,40.871776264512114,
2007265N20122,FRANCISCO,2007-09-21 17:57:46.978887492+00:00,121.40369503090295,19.40061583848383,6.0,0.9938416151616991,False,,True,,True,14.322133333333335,False,,False,,False,1,14.322133333333335,
2007272N17125,LEKIMA,2007-09-28 23:53:54.903404562+00:00,122.24732733644566,16.513522096127325,6.0,0.9830973798408422,False,,True,,True,14.322133333333335,False,,False,,False,1,14.322133333333335,
2007274N18131,KROSA,2007-10-07 08:59:53.676410268+00:00,120.35008782763515,27.099824344729694,6.0,0.49970724121615717,True,22.72628366113742,True,25.723728303521327,True,29.139579171380472,True,30.868172747965772,False,,False,4,27.4316537374509,
2007306N18133,PEIPAH,2007-11-04 12:16:25.042302352+00:00,122.43159428455886,16.81824152411764,6.0,0.04560381029409655,True,31.098166666666668,True,30.749363532410186,True,28.64426666666667,True,28.294444444444448,False,,False,4,29.696815099538426,
2007323N09128,HAGIBIS,2007-11-18 23:44:07.193857387+00:00,126.14852253504046,9.773533162705213,6.0,0.9558886045086865,True,14.353000000000002,True,,True,14.322133333333335,False,,False,,False,2,14.337566666666667,
2007324N10140,MITAG,2007-11-25 15:56:26.496423222+00:00,122.41186130982095,17.259747569271113,6.0,0.6567822418158755,True,36.70353408053613,True,34.321721233551386,True,33.58293333333334,True,35.335355160087225,False,,False,4,34.82853819681931,
2008135N12116,HALONG,2008-05-17 12:54:46.401319199+00:00,120.32171856737779,16.39128892553333,6.0,0.1521482092222186,True,34.42664450202234,True,30.083948657001255,True,27.892857377387873,True,27.90308543961174,False,,False,4,28.993517048306497,
2008169N08135,FENGSHEN,2008-06-20 05:14:37.688906138+00:00,125.55123950521448,11.44958683159516,6.0,0.8739670789879028,True,35.58100824745223,True,38.25914865317444,True,33.58293333333334,True,35.49241562285688,False,,False,4,35.53671193515456,
2008193N20126,KALMAEGI,2008-07-17 14:45:28.389269171+00:00,121.77017617432472,24.375788590810323,6.0,0.45964765135053653,True,39.76033863008288,True,28.502034860274463,True,29.337420132530152,True,33.43888888888889,False,,False,4,31.38815451070952,
2008206N22133,FUNG-WONG,2008-07-27 23:02:12.352299667+00:00,121.47659316992434,23.41973037730712,6.0,0.8394607546142367,True,41.434906596340625,True,36.42405372563116,True,38.82058315321182,True,41.56849817007561,False,,False,4,40.127744874776226,
2008217N19120,KAMMURI,2008-08-06 11:36:31.181226352+00:00,111.68479001878438,21.59347769086274,6.0,0.9347769086274127,True,21.68552450507846,True,23.317768285030603,True,21.85897937623683,True,25.889990507252826,False,,False,4,22.588373830633717,
2008229N13147,NURI,2008-08-22 08:53:21.944396860+00:00,114.30737140005817,22.29262859994186,6.0,0.48157149985465253,True,21.617668087528727,True,24.483513308707202,True,29.229145552717824,True,32.200179975373864,False,,False,4,26.856329430712513,
2008252N16128,SINLAKU,2008-09-13 22:47:07.806070510+00:00,121.82024163856244,24.7,6.0,0.7975836143754975,True,43.059000000000005,True,35.00086866462463,True,39.02740038980421,True,37.573090886846856,False,,False,4,38.300245638325535,
2008262N16142,HAGUPIT,2008-09-23 23:21:06.391059955+00:00,110.99446741167043,21.456785019628796,6.0,0.8919625490719909,True,51.01083076658487,True,39.41702232966114,True,43.4999609576498,True,44.28357044199632,False,,False,4,43.891765699823054,
2008268N12140,JANGMI,2008-09-28 10:33:37.957883971+00:00,121.63990935722353,24.128027192832935,6.0,0.7600906427764471,True,44.110252337563,True,45.579078317686196,True,45.217581456528634,True,48.15130053990842,False,,False,4,45.398329887107415,
2008272N08139,HIGOS,2008-09-30 19:48:48.861794156+00:00,123.52796409191012,13.620904848039936,6.0,0.3022621200998401,True,16.74516666666667,True,,True,14.322133333333335,True,15.433333333333334,False,,False,3,15.433333333333334,
2008272N15113,MEKKHALA,2008-09-30 01:28:32.990835063+00:00,106.58184794353667,17.572180258543714,6.0,0.24597179791959434,True,24.54861672556337,True,21.884611750702533,True,20.51536061400776,True,22.51730587535127,False,,False,4,22.2009588130269,
2008286N17109,UNNAMED,2008-10-15 09:47:42.945155268+00:00,105.82047374568697,18.610236872843494,6.0,0.6325437571883583,True,11.326699817691832,False,,True,13.072564225799638,False,,False,,False,2,12.199632021745735,
2009123N10111,CHAN-HOM,2009-05-07 12:27:33.385370880+00:00,120.31481842853333,16.438272809511112,6.0,0.07654561902222667,True,34.783840730173985,True,28.09755210218172,True,28.266233369522233,True,35.617326426585656,False,,False,4,31.52503704984811,
2009173N10132,NANGKA,2009-06-23 16:10:35.328124552+00:00,123.6039199942337,12.378432002306521,6.0,0.696080005766305,True,20.07544544092126,True,20.57777777777778,True,18.166549515391143,True,19.79602801483222,False,,False,4,19.93573672787674,
2009189N17129,SOUDELOR,2009-07-11 22:56:57.998375508+00:00,110.44512973492073,20.34747219965984,6.0,0.8249073321994729,True,14.353000000000002,True,,True,16.79146666666667,True,18.005555555555556,False,,False,3,16.79146666666667,
2009192N16130,UNNAMED,2009-07-13 20:29:16.746058023+00:00,119.13413433225878,25.046395504835328,6.0,0.41466416935296024,True,13.361054196212828,False,,True,16.923834033393298,True,15.433333333333334,False,,False,3,15.433333333333334,
2009196N14129,MOLAVE,2009-07-18 21:25:42.408495423+00:00,113.48574751885747,22.771422340214222,6.0,0.5714078007140699,True,20.84622255756731,True,24.987515294875237,True,24.27028575467096,True,27.55973751709746,False,,False,4,24.6289005247731,
2009213N16130,GONI,2009-08-01 12:15:09.197458865+00:00,122.42002429759975,17.20420924749475,6.0,0.042092474947480696,False,,True,,True,14.322133333333335,True,15.433333333333334,False,,False,2,14.877733333333335,
2009215N20133,MORAKOT,2009-08-07 16:07:22.142120423+00:00,121.58771827443263,23.874854483711545,6.0,0.6871362092788615,True,30.055944990183754,True,34.24364408391048,True,36.67031865644325,True,39.38808852835493,False,,False,4,35.45698137017686,
2009251N16118,MUJIGAE,2009-09-10 19:00:12.036409140+00:00,110.99899696590495,19.716722390783058,6.0,0.16722390783058927,True,14.353000000000002,True,18.43569260736424,True,18.766933333333334,True,20.57777777777778,False,,False,4,18.601312970348786,
2009254N14130,KOPPU,2009-09-14 21:59:28.907445407+00:00,112.401727364144,21.832613598273326,6.0,0.6652271965466525,True,31.108497023982952,True,30.016664533321112,True,35.070931490122774,True,36.87222115554945,False,,False,4,33.08971425705286,
2009268N14128,KETSANA,2009-09-26 05:03:40.763908675+00:00,121.43466917300861,15.38435538846609,6.0,0.8435538846609063,True,16.74516666666667,True,20.17536360332222,True,18.457879247351467,True,18.005555555555556,False,,False,4,18.231717401453512,
2009270N10148,PARMA,2009-10-03 05:43:05.358544480+00:00,122.14227672731334,17.771815515124445,6.0,0.953025858540741,True,38.499406617454916,True,38.583333333333336,True,42.9664,True,41.15555555555556,False,,False,4,39.86944444444445,
2009272N07164,MELOR,2009-10-07 19:42:26.668638011+00:00,137.1691359850011,34.597592784251134,6.0,0.2845679925005413,True,29.73669853454658,True,36.387416991204155,True,34.787418853600265,True,37.119389105247215,False,,False,4,35.58741792240221,
2009299N12153,MIRINAE,2009-11-02 07:11:22.535424898+00:00,109.46208136528338,12.8603468942139,6.0,0.19826552893050575,True,29.2010299088403,True,22.13003400116862,True,25.102132225795003,True,22.64001700058431,False,,False,4,23.871074613189656,
2010018N07113,UNNAMED,2010-01-20 02:48:58.215736285+00:00,106.94289342449997,10.475489471714287,6.0,0.4693618396428576,True,10.838041585934345,False,,False,,False,,False,,False,1,10.838041585934345,
2010191N12138,CONSON,2010-07-13 15:13:44.093057428+00:00,121.65421705236508,14.446184754363756,6.0,0.5381524563624396,True,26.13129926460997,True,32.054641181689945,True,30.92517773551137,True,28.294444444444448,False,,False,4,29.60981108997791,
2010198N15123,CHANTHU,2010-07-18 04:45:01.475814307+00:00,121.38743850773716,15.279173499140313,6.0,0.791734991403132,True,11.960833333333335,True,,True,14.322133333333335,False,,False,,False,2,13.141483333333335,
2010218N20127,DIANMU,2010-08-10 23:01:24.063724529+00:00,127.95583775864787,34.75350265518872,6.0,0.8372251724319142,True,21.529500000000002,True,23.568693028689022,True,22.0516895793665,True,23.568693028689022,False,,False,4,22.81019130402776,
2010233N17119,MINDULLE,2010-08-24 11:03:09.664666070+00:00,105.62630871607143,18.936845641964272,6.0,0.842114104910678,True,22.66256812610852,True,20.98389538570198,True,24.485345807214465,True,26.128339830146427,False,,False,4,23.57395696666149,
2010239N15118,LIONROCK,2010-09-01 22:24:25.066459+00:00,117.63895556420829,23.793797527018523,6.0,0.7344938175463085,True,22.164635039459643,True,19.371437360845103,True,21.73013333333333,True,21.943659583067326,False,,False,4,21.83689645820033,
2010240N15142,KOMPASU,2010-09-01 22:00:08.406030861+00:00,126.60070050257184,37.53399491909561,6.0,0.6670558347621238,True,33.487540468496285,True,27.43503498339041,True,29.630846817099545,True,27.43503498339041,False,,False,4,28.532940900244977,
2010249N24125,MERANTI,2010-09-09 21:01:33.995455533+00:00,118.74956483585402,24.854786805605848,6.0,0.5043516414598628,True,27.478687111729965,True,24.402530944512506,True,30.095778837394317,True,29.569362166689356,False,,False,4,28.52402463920966,
2010256N17137,FANAPI,2010-09-19 01:09:16.628864886+00:00,121.50756347847744,23.584538087086486,6.0,0.19243652152252366,True,47.47345860658723,True,39.670587064473416,True,42.01602016570743,True,45.310021005945245,False,,False,4,43.66302058582634,
2010278N18110,UNNAMED,2010-10-04 22:19:38.680108370+00:00,109.28362944293929,18.304864633141644,6.0,0.7212351902023499,True,13.686148114162389,False,,True,14.322133333333335,False,,False,,False,2,14.004140723747863,
2010285N13145,MEGI,2010-10-18 03:45:52.570826292+00:00,122.42159263162915,17.21176984963482,6.0,0.627433834550601,True,62.75944217269523,True,57.84995854673493,True,60.96849353819887,True,63.95272596119644,False,,False,4,61.86396785544705,
2010305N06105,JAL,2010-11-07 16:25:35.600819891+00:00,80.2884647730611,13.07377592972172,6.0,0.7377592972171954,True,,False,,False,,False,,False,,False,0,,
2010315N14112,UNNAMED,2010-11-13 22:04:42.205212459+00:00,109.08824144948085,14.70391951683971,6.0,0.6797317227990334,True,13.58686490288909,False,,True,10.332485625668571,False,,False,,False,2,11.95967526427883,
2011126N11129,AERE,2011-05-07 21:32:24.349203049+00:00,124.40499191659603,13.836006466723143,6.0,0.5900161668078567,True,22.940917007032198,True,18.005555555555556,True,20.515269238818373,True,22.09543047351132,False,,False,4,21.305349856164845,
2011159N13122,SARIKA,2011-06-08 03:18:34.900732036+00:00,121.22419211268436,13.620646309852521,6.0,0.5516157746313013,True,10.88822353554718,False,,False,,False,,False,,False,1,10.88822353554718,
2011167N08129,HAIMA,2011-06-23 08:02:50.575335275+00:00,110.65876966040389,21.26587696604039,6.0,0.3412303395960805,True,16.74516666666667,True,19.700057515372304,True,18.09284417180593,True,19.700057515372304,False,,False,4,18.896450843589115,
2011192N18158,MA-ON,2011-07-19 22:43:21.448363140+00:00,135.38710409088617,33.6,6.0,0.7871040908861175,True,29.215282497251927,True,29.38967562133031,True,29.275119824552927,True,31.961897843552528,False,,False,4,29.332397722941618,
2011205N12130,NOCK-TEN,2011-07-27 02:14:10.985845451+00:00,122.00181533905732,16.035457743560492,6.0,0.3727308261783264,True,29.31489815062083,True,23.150000000000002,True,25.564324015868383,True,27.33569793044131,False,,False,4,26.450010973154846,
2011208N09145,MUIFA,2011-08-08 09:32:15.822255579+00:00,124.59481070036065,39.72028066137044,6.0,0.5896214007212848,True,20.119027339241235,True,22.68894768295606,True,20.79365644230448,True,22.68894768295606,False,,False,4,21.741302062630268,
2011233N12129,NANMADOL,2011-08-28 19:29:47.548741086+00:00,120.87528822358593,22.274596486979664,6.0,0.24942355282809103,True,32.893670624376405,True,30.225093861336635,True,30.868374794926467,True,35.36953830578108,False,,False,4,31.881022709651436,
2011236N15143,TALAS,2011-09-02 23:57:35.576639242+00:00,133.89999999999998,33.495988239978956,6.0,0.9933137332982653,True,21.529500000000002,True,25.722222222222225,True,23.7056,True,28.294444444444448,False,,False,4,24.713911111111113,
2011249N18133,KULAP,2011-09-10 22:21:39.837395374+00:00,126.52731556761398,33.23610659431595,6.0,0.7268443238599218,False,,True,,True,11.358933333333333,False,,False,,False,1,11.358933333333333,
2011253N20145,ROKE,2011-09-21 05:17:47.159628475+00:00,137.58892996903967,34.67720385620853,6.0,0.8827388716887015,True,37.28504081221006,True,38.88495501337851,True,38.60684695902006,True,41.45717723560073,False,,False,4,38.74590098619929,
2011266N13139,NESAT,2011-09-26 21:27:41.539012099+00:00,122.1923076566232,16.315384620482398,6.0,0.5769231024119961,True,48.11935225923386,True,39.67158113101804,True,41.256861462932775,True,39.67158113101804,False,,False,4,40.46422129697541,
2011270N18139,NALGAE,2011-10-01 01:06:42.218025338+00:00,122.40353940553047,16.762942425691307,6.0,0.1852878715434656,True,59.536896513069976,True,47.919019060837506,True,46.98999163173734,True,47.919019060837506,False,,False,4,47.919019060837506,
2011282N08136,BANYAN,2011-10-11 14:41:40.542112703+00:00,125.66108099373866,10.204189254695985,6.0,0.44909917188442705,True,14.353000000000002,True,,True,16.79146666666667,True,15.433333333333334,False,,False,3,15.433333333333334,
2011346N03156,WASHI,2011-12-16 07:38:34.485643510+00:00,126.44403558627022,8.082145633937646,6.0,0.2738187797921512,True,21.529500000000002,True,24.313576721735934,True,23.164680127813266,True,22.44567724975686,False,,False,4,22.805178688785062,
2012046N08130,UNNAMED,2012-02-15 14:47:52.228929045+00:00,125.19380103667777,10.57304551589059,6.0,0.4663068948632372,False,,False,,True,15.309866666666666,False,,False,,False,1,15.309866666666666,
2012086N10116,PAKHAR,2012-04-01 09:52:02.125579476+00:00,107.47772857454919,10.486725710541002,6.0,0.6445428509016722,True,17.595479410168053,True,18.919870333514034,True,17.493660416138777,True,24.06431477795848,False,,False,4,18.257674871841044,
2012162N06150,GUCHOL,2012-06-19 10:22:07.612906998+00:00,136.73876463609236,34.29313859065722,6.0,0.7281302271758534,True,19.996955707787485,True,32.26528560908422,True,29.986940851387523,True,32.26528560908422,False,,False,4,31.126113230235873,
2012177N11135,DOKSURI,2012-06-29 19:53:21.542224916+00:00,113.02767067882525,21.957443107058257,6.0,0.3148862141165125,True,17.630812722928567,True,,True,18.464385429488157,True,18.147905825512023,False,,False,3,18.147905825512023,
2012196N19144,KHANUN,2012-07-18 18:33:38.369913850+00:00,126.6121316618806,35.896230408291046,6.0,0.0934430515671636,True,18.466739273761586,True,,True,16.65302144146476,True,17.524842968048926,False,,False,3,17.524842968048926,
2012201N15129,VICENTE,2012-07-23 20:02:20.924777822+00:00,112.99217084567647,21.93790034002204,6.0,0.339857628602914,True,50.141856789995714,True,37.658798176818905,True,40.616579041488976,True,40.23102039904113,False,,False,4,40.42379972026505,
2012209N11131,SAOLA,2012-08-02 22:57:00.492222491+00:00,120.03998176953735,26.795013672846988,6.0,0.8250227880783143,True,17.58231597423732,True,18.455635828443004,True,24.5697541239439,True,26.622382767997117,False,,False,4,21.51269497619345,
2012209N25149,DAMREY,2012-08-01 05:09:29.256387024+00:00,130.89465562903933,30.357906338708673,6.0,0.859687795695578,True,28.706000000000003,True,28.294444444444448,True,28.64426666666667,True,30.50575249670585,False,,False,4,28.675133333333335,
2012215N23146,HAIKUI,2012-08-07 21:08:06.454052200+00:00,121.82973108115829,29.161260510467606,6.0,0.5225210209352156,True,29.84820929775281,True,30.750808525633282,True,36.648475706657,True,38.46747519229995,False,,False,4,33.69964211614514,
2012225N16133,KAI-TAK,2012-08-17 04:19:56.010867486+00:00,110.31694368975786,20.988815016064564,6.0,0.7220375401614092,True,31.098166666666668,True,31.581647882807044,True,34.2693153008281,True,33.43888888888889,False,,False,4,32.510268385847965,
2012230N21126,TEMBIN,2012-08-30 01:25:29.212411023+00:00,126.65619530632108,34.32743436758527,6.0,0.23746353754737015,True,18.56928097426377,True,25.111413233975377,True,23.236498697026423,True,25.111413233975377,False,,False,4,24.1739559655009,
2012232N13141,BOLAVEN,2012-08-26 11:31:11.519818797+00:00,128.07202000755012,26.543984438572156,6.0,0.9199777693887938,True,50.42692651266045,True,43.93361273762772,True,46.08768124916475,True,49.078057182072165,False,,False,4,47.58286921561846,
2012254N09135,SANBA,2012-09-17 02:16:23.499551429+00:00,128.2515462879894,34.9335045839419,6.0,0.3788657199735894,True,33.41635376162543,True,34.68522603671618,True,34.472659478818485,True,37.2574482589384,False,,False,4,34.57894275776734,
2012263N15141,JELAWAT,2012-09-30 05:49:48.505119722+00:00,135.75470408294245,33.44904209331021,6.0,0.9716900518390048,True,28.84144422865159,True,36.15675006665045,True,36.05226666666667,True,36.08393058888078,False,,False,4,36.06809862777372,
2012273N13112,GAEMI,2012-10-06 09:32:44.663291589+00:00,109.31356504919518,13.2,6.0,0.5909566338698653,True,17.723666572344307,True,,True,15.332197752097347,True,17.53763420575836,False,,False,3,17.53763420575836,
2012296N06135,SON-TINH,2012-10-24 05:52:19.991102560+00:00,125.12768572067921,10.678703291785222,6.0,0.978703291785223,True,16.74516666666667,True,18.005555555555556,True,18.724862396145316,True,18.005555555555556,False,,False,4,18.005555555555556,
2012331N03157,BOPHA,2012-12-03 20:52:56.055071134+00:00,126.57551520405207,7.696074583991987,6.0,0.48037291995993314,True,63.72107539311761,True,47.737566745420295,True,51.83200936036979,True,55.454233412086964,False,,False,4,53.64312138622837,
2012359N08134,WUKONG,2012-12-25 16:59:05.443930828+00:00,125.01995013379275,10.749242276817057,6.0,0.8308075893901901,True,16.340430221752904,True,20.57777777777778,True,18.766933333333334,True,18.005555555555556,False,,False,4,18.386244444444444,
2013171N15117,BEBINCA,2013-06-22 03:31:52.060582018+00:00,110.63492227978594,19.28229573535168,6.0,0.5885213232415936,True,15.33732557458557,True,20.57777777777778,True,21.73013333333333,True,23.150000000000002,False,,False,4,21.153955555555555,
2013178N09133,RUMBIA,2013-06-28 22:56:00.406897373+00:00,125.46663840990459,11.611120530031794,6.0,0.8222410600635897,True,14.353000000000002,True,18.005555555555556,True,16.79146666666667,True,17.548320060052458,False,,False,4,17.169893363359563,
2013187N20156,SOULIK,2013-07-12 20:29:33.579529837+00:00,121.81837910454755,24.841544349675175,6.0,0.41544349675174885,True,37.2808565818537,True,36.88110357786534,True,38.361810440566956,True,43.09416101673234,False,,False,4,37.82133351121033,
2013196N14128,CIMARON,2013-07-18 14:21:04.641840+00:00,117.76081184333333,24.070257880000057,6.0,0.3918815666667115,True,14.870274624544233,True,,True,19.214149173581934,True,16.99754908129618,False,,False,3,16.99754908129618,
2013210N13122,JEBI,2013-07-28 20:35:54.922393146+00:00,121.483450870529,12.829929477682585,6.0,0.4330982589419534,False,,True,,True,12.346666666666668,False,,False,,False,1,12.346666666666668,
2013217N11118,MANGKHUT,2013-08-07 15:03:13.662416584+00:00,105.79103414738034,19.603586341047865,6.0,0.5089658526196672,True,16.70227103911664,True,19.268604501317192,True,19.216520642529005,True,19.268604501317192,False,,False,4,19.2425625719231,
2013220N12137,UTOR,2013-08-11 18:48:49.408628343+00:00,122.01013092223695,16.167810384915363,6.0,0.13562076983072302,True,55.789862575516366,True,47.476835190408345,True,51.07727369365241,True,50.74675092853751,False,,False,4,50.912012311094955,
2013228N23124,TRAMI,2013-08-21 18:02:01.583432571+00:00,119.59324536485713,25.701688658785717,6.0,0.005628862619062147,True,33.42300744569051,True,30.83770929563749,True,33.52733518095732,True,33.39545283234513,False,,False,4,33.40923013901782,
2013229N26132,UNNAMED,2013-08-18 22:45:42.683548626+00:00,121.54445007018336,28.9,6.0,0.793642756880871,True,10.062307585081477,False,,True,12.754318521873737,False,,False,,False,2,11.408313053477606,
2013243N26122,TORAJI,2013-09-03 17:44:51.931231910+00:00,130.44534771303165,31.249551735106127,6.0,0.9579597792551056,True,21.630067214725248,True,25.722222222222225,True,23.7056,True,20.685914567804925,False,,False,4,22.667833607362624,
2013255N20148,MAN-YI,2013-09-15 22:29:14.074385742+00:00,137.2461728654785,34.62010977255588,6.0,0.7478738141547296,True,26.9169611909062,True,31.515191244702002,True,27.166866875931138,True,26.37074680025756,False,,False,4,27.04191403341867,
2013259N17132,USAGI,2013-09-22 11:27:26.366083619+00:00,115.52662442050615,22.7638215941411,6.0,0.9095539853527441,True,39.14011443215471,True,41.38820280434267,True,43.413082717671244,True,43.96042502656489,False,,False,4,42.40064276100696,
2013260N15112,UNNAMED,2013-09-18 18:28:31.059882827+00:00,108.28117639702583,15.99207842646839,6.0,0.07921573531609738,False,,False,,True,14.165645288740896,False,,False,,False,1,14.165645288740896,
2013269N15118,WUTIP,2013-09-30 09:53:04.286742590+00:00,106.39938483970349,17.729484136505473,6.0,0.6474206825273541,True,39.2562139624566,True,31.77357902216575,True,32.649191628550625,True,31.015181510941698,False,,False,4,32.21138532535819,
2013272N10135,FITOW,2013-10-06 18:09:29.789370520+00:00,120.26306920746629,27.1,6.0,0.026379137524088492,True,25.998316865930637,True,30.5952546516966,True,39.39089449422753,True,33.09962387017631,False,,False,4,31.847439260936454,
2013282N14132,NARI,2013-10-11 14:53:23.008342349+00:00,121.48492056247852,15.5,6.0,0.48162075659024595,True,45.5390990935534,True,34.7722754983262,True,38.10034849876238,True,39.91671994277065,False,,False,4,39.008534220766514,
2013301N13142,KROSA,2013-10-31 09:50:31.569010353+00:00,122.26754445771024,18.192105125143794,6.0,0.6403504171459815,True,41.338316512432094,True,35.086012461881054,True,39.29272423739131,True,36.73313603487322,False,,False,4,38.01293013613227,
2013305N07141,UNNAMED,2013-11-06 11:21:37.444713096+00:00,109.02791973816124,11.510659978180106,6.0,0.8934002181989342,True,11.960833333333335,False,,True,14.322133333333335,True,13.135309438743853,False,,False,3,13.135309438743853,
2013306N07162,HAIYAN,2013-11-07 23:17:28.714690635+00:00,125.04804162729937,10.9527539757525,6.0,0.8818849393812513,True,79.22405091084349,True,57.500343439996904,True,69.34746376191762,True,72.93367677333023,False,,False,4,71.14057026762393,
2014029N10143,KAJIKI,2014-01-31 21:30:52.372349381+00:00,122.92848404172395,11.034303191655216,6.0,0.5857579791380374,True,11.550538575143918,True,18.005555555555556,True,18.837269927030277,True,16.498855864772715,False,,False,4,17.252205710164134,
2014164N19116,HAGIBIS,2014-06-15 10:30:14.097049843+00:00,116.6249347358804,23.175326320598234,6.0,0.7506526411964671,True,20.330294213635703,True,18.005555555555556,True,18.022910156011047,True,16.0747101507002,False,,False,4,18.014232855783302,
2014184N08147,NEOGURI,2014-07-09 21:22:43.402670503+00:00,130.38255303741005,32.21262409880095,6.0,0.563120494004778,True,22.272599108108047,True,25.722222222222225,True,25.000161352165044,True,26.845973395976603,False,,False,4,25.361191787193633,
2014190N08154,RAMMASUN,2014-07-15 09:40:37.602846380+00:00,123.90329242128263,13.245140793451492,6.0,0.6128519836287296,True,52.24146559384492,True,42.731947046778345,True,49.86427316209208,True,47.87639149122279,False,,False,4,48.87033232665743,
2014197N10137,MATMO,2014-07-22 15:36:41.495513992+00:00,121.39807891138923,23.14172897974969,6.0,0.6019210886107658,True,39.22693776919495,True,32.914561510813506,True,38.81412495348572,True,37.03505853318453,False,,False,4,37.92459174333513,
2014209N12152,HALONG,2014-08-09 20:49:33.281638225+00:00,133.77098526102895,33.518083787131836,6.0,0.4709852610289431,True,28.844816182817198,True,34.79963235635333,True,32.65251764967936,True,34.79963235635333,False,,False,4,33.72607500301635,
2014231N21117,UNNAMED,2014-08-19 00:54:04.170910691+00:00,117.76996138045655,23.955328266119274,6.0,0.15019309771722078,False,,False,,True,14.322133333333335,False,,False,,False,1,14.322133333333335,
2014254N10142,KALMAEGI,2014-09-14 10:16:05.686768941+00:00,122.16180098007845,17.597962071215683,6.0,0.7113743874509737,True,33.49033333333334,True,33.43888888888889,True,33.58293333333334,True,34.18129810339,False,,False,4,33.53663333333334,
2014260N13135,FUNG-WONG,2014-09-22 17:47:25.057261452+00:00,122.00349510527104,29.775534263102642,6.0,0.965048947289489,True,19.137333333333334,True,18.095457430027594,True,21.799177972927854,True,23.150000000000002,False,,False,4,20.468255653130594,
2014275N06166,VONGFONG,2014-10-12 23:19:09.232250893+00:00,130.19576935424118,31.30923082410718,6.0,0.8865385301339757,True,24.193085412831177,True,31.158514780822053,True,24.041809027507004,True,28.586292558599833,False,,False,4,26.389688985715505,
2014329N08131,SINLAKU,2014-11-26 17:57:52.274437620+00:00,124.10768718662473,9.598226033855834,6.0,0.9940867795194492,True,14.353000000000002,True,,True,14.322133333333335,False,,False,,False,2,14.337566666666667,
2014334N02156,HAGUPIT,2014-12-06 16:33:32.834103993+00:00,125.44408794155572,11.924014656925957,6.0,0.759853430740435,True,48.992274569527524,True,46.300000000000004,True,44.152403856716575,True,49.489932564262105,False,,False,4,47.64613728476377,
2014362N07130,JANGMI,2014-12-28 21:33:41.981211942+00:00,126.24383385522384,8.737444096517448,6.0,0.593610241293618,True,18.16518129888122,True,18.005555555555556,True,16.79146666666667,True,16.960230787327472,False,,False,4,17.482893171441514,
2015012N09146,MEKKHALA,2015-01-17 08:49:51.774547582+00:00,125.46971101003203,12.135920707119974,6.0,0.47184141423994674,True,28.84072006047135,True,27.225623753448414,True,29.277199202206983,True,32.225207917816135,True,33.58374916896561,True,5,29.277199202206983,2.602532017816781
2015069N04173,BAVI,2015-03-21 04:23:13.243542090+00:00,122.84194818574622,14.280649395248737,6.0,0.7311686825042045,False,,True,,True,12.346666666666668,False,,False,,False,1,12.346666666666668,
2015085N06162,MAYSAK,2015-04-05 01:06:31.589026204+00:00,122.27824505409973,16.540234524725296,6.0,0.18479578825022713,True,13.468875350414832,True,,True,20.817488533761544,True,21.723992500669084,True,19.951416222757487,True,4,20.384452378259518,
2015171N15112,KUJIRA,2015-06-22 10:25:05.852450188+00:00,110.5318089710604,18.794552823151637,6.0,0.7363820578790978,True,20.398569441087105,True,23.150000000000002,True,22.250901790728438,True,18.005555555555556,True,21.905922936902073,True,5,21.905922936902073,2.0146512107324277
2015180N09160,CHAN-HOM,2015-07-12 17:03:14.520324326+00:00,125.20540334234244,37.879274465465635,6.0,0.8423389039040217,True,10.322969904088527,True,20.98331715273577,True,19.234114693284937,False,,True,19.683307444377228,False,4,19.458711068831082,
2015183N13130,LINFA,2015-07-04 18:52:37.940647800+00:00,122.41227942644997,17.258480382366677,6.0,0.14620095591669724,True,23.92166666666667,True,22.773938652280943,True,23.416784884951763,True,25.722222222222225,True,26.375049763392056,True,5,23.92166666666667,1.539471644173251
2015184N08172,NANGKA,2015-07-16 13:26:12.253692103+00:00,134.1802719052754,33.239456189449214,6.0,0.2394561894492142,True,29.95252843761181,True,34.77924204761126,True,30.424872365706815,True,37.967398801583414,True,38.1122825269779,True,5,34.77924204761126,3.940691663773239
2015211N13162,SOUDELOR,2015-08-07 21:46:29.519315939+00:00,121.59336893956004,23.88874332383249,6.0,0.6291444127749628,True,46.3383150405735,True,39.826803041893164,True,42.93365140284062,True,45.63562374316881,True,44.548825509107054,True,5,44.548825509107054,2.592976513768585
2015226N12151,GONI,2015-08-24 19:27:51.694829417+00:00,130.1220299729032,32.16133787535462,6.0,0.24405994580635593,True,49.70850633153449,True,43.788894335370166,True,47.469871895288684,True,46.36111655759239,True,42.87333741819429,True,5,46.36111655759239,2.770415862698022
2015256N16113,VAMCO,2015-09-14 13:24:28.881122901+00:00,108.5479943664651,15.623467042235657,6.0,0.23467042235657232,True,16.18379590465269,True,18.005555555555556,True,16.211987170394174,True,14.829708858049484,True,19.64352348154098,True,5,16.211987170394174,1.8703962728642225
2015263N14148,DUJUAN,2015-09-28 10:11:14.533429482+00:00,121.6437888808764,24.139579013235952,6.0,0.6978950661797683,True,50.73407474341453,True,44.022900502840955,True,42.35452047616454,True,51.20346529486835,True,43.390406968371245,True,5,44.022900502840955,4.269492883497048
2015273N12130,MUJIGAE,2015-10-01 16:51:47.620478159+00:00,121.56524682086007,15.605268992549977,6.0,0.8105379850999554,True,14.353000000000002,True,20.090439372784886,True,16.323621797873493,True,15.433333333333334,True,18.25470299645582,True,5,16.323621797873493,2.290428578679483
2015285N14151,KOPPU,2015-10-17 21:41:33.127381935+00:00,121.66920420521501,16.0,6.0,0.6154225639785125,True,52.995419969608214,True,48.27843725419943,True,48.39868969324089,True,51.83987810352137,True,45.62712830016183,True,5,48.39868969324089,2.9736863098965496
2015344N07145,MELOR,2015-12-15 03:35:15.360631085+00:00,121.44123998246982,13.17938000876508,6.0,0.5979333625502647,True,51.69057496487737,True,43.72777777777778,True,49.692172456803256,True,44.76198251744016,True,38.281045687594855,True,5,44.76198251744016,5.282301692135171
2015348N04146,UNNAMED,2015-12-18 20:23:25.309990539+00:00,126.58128481516519,7.339839398104348,6.0,0.39839398104348334,False,,False,,True,11.166145622038618,False,,False,,False,1,11.166145622038618,
2016147N18115,UNNAMED,2016-05-27 08:15:17.421446875+00:00,112.30000000000001,21.71338720331312,6.0,0.3758065484664712,True,12.555016203286915,False,,True,13.57974002372277,True,14.466675378111244,False,,False,3,13.57974002372277,
2016185N08145,NEPARTAK,2016-07-07 22:04:18.336536832+00:00,120.95351063932799,22.535725338304,6.0,0.6786266915200088,True,49.29505924717777,True,41.06326403043727,True,48.204013632283505,True,52.17879648502747,True,47.05281034560668,True,5,48.204013632283505,4.099490132564179
2016207N17116,MIRINAE,2016-07-26 13:42:07.433651212+00:00,110.53121927099181,18.78510324515573,6.0,0.2836774838524434,True,20.850896179044316,True,20.57777777777778,True,25.267811466414067,True,19.848096249868437,True,19.479588111005864,True,5,20.57777777777778,2.336849806879025
2016211N11128,NIDA,2016-08-02 00:28:16.119432963+00:00,113.39791873783088,22.84711442869343,6.0,0.07852404782238409,True,28.142472170802662,True,22.74603739842485,True,23.317795902487852,True,27.688500542081716,True,28.36453002715622,True,5,27.688500542081716,2.7749443115732397
2016225N16138,CHANTHU,2016-08-17 08:17:09.806460798+00:00,142.85240382334814,42.13353345429613,6.0,0.381009558370323,True,28.706000000000003,True,28.294444444444448,True,18.766933333333334,False,,True,,False,3,28.294444444444448,
2016228N22117,DIANMU,2016-08-19 04:32:11.798714697+00:00,106.69267784918344,20.651220358469423,6.0,0.756101792347124,True,19.72077849574029,True,20.57777777777778,True,21.73013333333333,True,23.150000000000002,True,19.51122049079931,True,5,20.57777777777778,1.5138945821829242
2016230N15138,MINDULLE,2016-08-22 04:58:07.729280965+00:00,139.91406780742977,35.62501698377518,6.0,0.8281356148594909,True,29.117128253320292,True,31.308740057333644,True,28.64426666666667,True,28.736517835111425,True,24.62096227955587,True,5,28.736517835111425,2.418290060652386
2016244N21123,NAMTHEUN,2016-09-04 17:38:02.796858075+00:00,129.8878036746118,33.05731286114135,6.0,0.9390183730590707,True,14.644756430494388,True,,True,16.911933837967577,True,18.16241385152028,True,11.242536562034562,True,4,15.778345134230982,
2016253N13144,MERANTI,2016-09-14 20:04:11.010695957+00:00,118.1240366408905,24.61045877899822,6.0,0.34495419888691004,True,38.191269525021426,True,33.34921454303379,True,40.851380174415056,True,43.54842908606758,True,33.95144441282829,True,5,38.191269525021426,4.386635436732481
2016255N12114,RAI,2016-09-12 19:03:47.627275665+00:00,108.63419255030095,15.488602483233004,6.0,0.17720496646600736,True,14.353000000000002,True,18.005555555555556,True,16.79146666666667,True,15.433333333333334,True,18.305147560233234,True,5,16.79146666666667,1.6828107370141352
2016256N12146,MALAKAS,2016-09-20 03:59:31.752366494+00:00,135.22993315522615,33.79803835878431,6.0,0.665358905856209,True,27.914867874748616,True,29.165307257523896,True,27.010961633889607,True,32.588209184317506,True,30.874739910069895,True,5,29.165307257523896,2.2497964243859565
2016265N10150,MEGI,2016-09-27 05:57:07.519648683+00:00,121.61357484246474,24.092813318695157,6.0,0.9920147985501728,True,47.90063913153803,True,41.176095268173725,True,43.021610747517634,True,46.32053971261817,True,43.22565716090424,True,5,43.22565716090424,2.7198472749854354
2016279N19130,AERE,2016-10-13 15:20:39.541414113+00:00,107.70982967639446,16.5,6.0,0.557386176579314,True,16.74516666666667,False,,True,17.66583552104012,True,15.433333333333334,False,,False,3,16.74516666666667,
2016287N12131,SARIKA,2016-10-15 18:30:24.699955694+00:00,121.63949398537869,15.742238424900346,6.0,0.08447684980069425,True,53.403171699747524,True,48.00304930093953,True,51.306859161127434,True,50.57527152316175,True,42.86566416482026,True,5,50.57527152316175,4.048105634035215
2016288N06146,HAIMA,2016-10-19 15:54:46.427398858+00:00,122.15656093341784,17.62607470830692,6.0,0.6521494166138382,True,52.7318497116708,True,48.089498001197704,True,51.169111020851275,True,48.984247001796554,True,50.348630535010116,True,5,50.348630535010116,1.8222853055971957
2016328N09130,TOKAGE,2016-11-24 20:12:03.867565556+00:00,123.13315427937238,11.210053716188288,6.0,0.366845720627623,True,20.014889438028046,True,,True,15.227997699469812,True,16.37694204805883,True,18.005555555555556,True,4,17.19124880180719,
2016347N10110,UNNAMED,2016-12-12 23:01:58.562979864+00:00,108.09341316778529,10.9,6.0,0.8388223601789093,False,,False,,False,,True,12.861111111111112,False,,False,1,12.861111111111112,
2017008N08128,UNNAMED,2017-01-08 21:15:33.402882912+00:00,125.02839345178444,10.108642619286224,6.0,0.543213096431117,True,13.053543737820698,False,,False,,True,12.861111111111112,False,,False,2,12.957327424465905,
2017104N11130,UNNAMED,2017-04-15 11:18:01.086112820+00:00,125.59329310693255,11.28833836163343,6.0,0.8833836163342994,False,,False,,True,12.346666666666668,True,12.861111111111112,False,,False,2,12.60388888888889,
2017161N13119,MERBOK,2017-06-12 16:53:35.560898301+00:00,114.58155352267732,22.733981704095896,6.0,0.8155352267732212,True,17.62770763004132,True,24.098968777822208,True,23.005547370726376,True,21.526746555599985,True,20.253127088897777,True,5,21.526746555599985,2.5187386191514074
2017182N15132,NANMADOL,2017-07-04 03:19:20.713009889+00:00,132.504199510999,33.18761569939455,6.0,0.5537367134207898,True,23.92166666666667,True,25.722222222222225,True,23.7056,True,25.722222222222225,True,26.751111111111115,True,5,25.722222222222225,1.3050351389810584
2017195N16114,TALAS,2017-07-16 17:25:27.181843274+00:00,105.83434932497295,18.58080723928958,6.0,0.9040361964478905,True,21.759061412063907,True,25.722222222222225,True,23.7056,True,25.722222222222225,True,20.557013789384744,True,5,23.7056,2.324361202407779
2017200N26162,NORU,2017-08-05 16:58:22.859152389+00:00,130.43153442874797,30.248650821560968,6.0,0.8288360718698868,True,35.88250000000001,True,30.866666666666667,True,32.368256094419394,True,39.02360499291246,True,35.68665687754883,True,5,35.68665687754883,3.208401347277887
2017202N16116,SONCA,2017-07-25 07:30:57.270867971+00:00,107.12208342801995,17.024204571278176,6.0,0.2526514290727562,True,20.925115673086456,True,,True,18.267828856914406,True,19.927902157440634,True,17.994643451905013,True,4,19.09786550717752,
2017202N19124,ROKE,2017-07-23 01:43:34.095875155+00:00,114.36846556422535,22.443844811924894,6.0,0.28768962384978636,True,12.97659694296134,True,,True,17.488210493245806,True,16.52555226841721,False,,False,3,16.52555226841721,
2017206N13129,NESAT,2017-07-29 11:39:10.886742894+00:00,121.85204638571275,24.5306048190497,6.0,0.9421706825414162,True,38.41300403224718,True,41.15555555555556,True,36.16650655566218,True,38.732083188796246,True,32.074055382111055,True,5,38.41300403224718,3.418695432811637
2017209N19118,HAITANG,2017-07-30 09:35:35.202595726+00:00,120.41977039440485,22.478507563631673,6.0,0.598851972024363,True,19.137333333333334,True,21.609619649737336,True,19.95561516983074,True,23.150000000000002,True,23.562736748783824,True,5,21.609619649737336,1.9336030481907862
2017232N19130,HATO,2017-08-23 05:23:14.189547836+00:00,113.06339336682686,22.128515402013228,6.0,0.8978791457331852,True,40.91112343688194,True,38.583333333333336,True,40.30580451536343,True,46.300000000000004,True,32.21076859239246,True,5,40.30580451536343,5.06759826421588
2017236N15129,PAKHAR,2017-08-25 13:29:16.110872106+00:00,122.02723509447605,16.17357766715159,6.0,0.2479680959308439,True,20.343137973034867,True,22.512170953244553,True,21.73013333333333,True,20.57777777777778,True,22.121111111111112,True,5,21.73013333333333,0.9542996604764433
2017242N19122,MAWAR,2017-09-03 14:07:21.672412488+00:00,115.85235320885454,22.776890565103905,6.0,0.3537811302078069,True,15.052559812709118,True,21.32999263015317,True,19.109322720753898,True,19.667774092854366,True,18.243325963486505,True,5,19.109322720753898,2.3201013637924883
2017253N14130,DOKSURI,2017-09-15 03:59:59.703205714+00:00,106.46668590333331,17.766665292619045,6.0,0.6666529261904657,True,40.666931941860796,True,41.15555555555556,True,40.0032,True,42.87044105748683,True,33.61056829429645,True,5,40.666931941860796,3.5450998353820493
2017267N18116,UNNAMED,2017-09-24 12:54:45.705551776+00:00,110.51746080267907,18.991269598660452,6.0,0.15211599776742446,True,14.353000000000002,False,,True,18.090808146456688,True,12.861111111111112,False,,False,3,14.353000000000002,
2017282N17113,UNNAMED,2017-10-09 21:03:11.324142427+00:00,106.43671360122028,18.056200319430516,6.0,0.5088575991864559,True,14.353000000000002,False,,True,14.322133333333335,True,12.861111111111112,False,,False,3,14.322133333333335,
2017284N15134,KHANUN,2017-10-12 16:49:33.984878976+00:00,122.27390838747374,18.2,6.0,0.8043511518044681,True,16.27714201364159,True,18.005555555555556,True,16.79146666666667,True,18.005555555555556,True,20.68962037015764,True,5,18.005555555555556,1.7067711570892017
2017288N09138,LAN,2017-10-22 17:48:51.483709673+00:00,138.1411953263139,34.61953044653481,6.0,0.9690501717441578,True,33.78648192330407,True,41.314775227582835,True,38.0888736873918,True,41.2351653915692,True,43.26109923494152,True,5,41.2351653915692,3.7107510407878688
2017304N11127,DAMREY,2017-10-31 16:03:59.734270710+00:00,123.11557523920658,11.235553095099176,6.0,0.6777654754958746,False,,True,,True,14.322133333333335,False,,True,14.91888888888889,False,2,14.620511111111114,
2017312N10134,HAIKUI,2017-11-09 11:51:10.094994873+00:00,121.43434569477671,13.787733680436876,6.0,0.9754673608737505,True,14.353000000000002,True,,True,14.322133333333335,False,,True,14.893647529076771,False,3,14.353000000000002,
2017321N07124,KIROGI,2017-11-17 05:46:55.055081920+00:00,118.7545100637555,9.856391948995599,6.0,0.9636599574963327,True,11.873901894990812,True,,True,14.25034479070209,False,,True,14.91888888888889,False,3,14.25034479070209,
2017347N11131,KAI-TAK,2017-12-16 10:00:43.654171447+00:00,125.46565615343872,12.133131230687743,6.0,0.668687693122564,True,15.93810851353728,True,,True,21.73013333333333,True,23.150000000000002,True,19.375327995742786,True,4,20.55273066453806,
2017354N08134,TEMBIN,2017-12-21 19:26:56.412652702+00:00,126.38604923849476,7.875849941422675,6.0,0.2415005857732524,True,23.343957015399422,True,25.10102904881658,True,25.9531854642367,True,23.150000000000002,True,22.121111111111112,True,5,23.343957015399422,1.5563129090882122
2018039N08151,SANBA,2018-02-12 23:39:25.628428800+00:00,126.185720248,9.159997217600019,6.0,0.9428531680000276,True,16.74516666666667,True,18.005555555555556,True,16.79146666666667,True,18.005555555555556,True,18.064353296035527,True,5,18.005555555555556,0.6890114562044204
2018153N12113,EWINIAR,2018-06-05 23:38:10.726570788+00:00,110.52424580424463,20.5,6.0,0.9393854893883429,True,16.74516666666667,True,18.005555555555556,True,18.766933333333334,True,17.849641564371126,True,17.818458766134242,True,5,17.849641564371126,0.7221133013179314
2018165N22117,GAEMI,2018-06-14 19:20:48.516341785+00:00,120.24489366983136,22.64489366983135,6.0,0.2244683491567514,True,16.208200964092192,True,,True,14.322133333333335,True,15.433333333333334,True,18.005555555555556,True,4,15.820767148712763,
2018184N10147,MARIA,2018-07-11 01:40:59.803153154+00:00,119.56696175967625,26.45610928845513,6.0,0.2805464422756643,True,42.7667112760116,True,40.84126660503039,True,32.62418441795022,True,39.398011018656696,True,35.65257434890822,True,5,39.398011018656696,4.0874649589447225
2018195N19138,SON-TINH,2018-07-17 20:37:16.376594379+00:00,110.51363528380176,18.85631307132232,6.0,0.4368692867768118,True,19.137333333333334,True,19.45405289012409,True,19.57258154903825,True,20.902550224692625,True,19.164353423210386,True,5,19.45405289012409,0.7266150080927748
2018199N18128,AMPIL,2018-07-22 05:27:30.394625784+00:00,121.8992854588721,31.700714541127905,6.0,0.9097404919344569,True,26.31383333333334,True,23.150000000000002,True,23.97305697429982,True,23.382167512413037,True,23.242867004965216,True,5,23.382167512413037,1.3258253126992299
2018204N15137,JONGDARI,2018-07-28 15:22:28.802370198+00:00,136.89388861456035,34.48122227708794,6.0,0.5624445541758689,True,30.799411104637922,True,33.117646349073034,True,30.805207161776778,True,33.117646349073034,True,30.352678602961298,True,5,30.805207161776778,1.3626749095055952
2018218N18134,YAGI,2018-08-12 14:35:42.288204785+00:00,121.5944813200602,28.262267345658373,6.0,0.4325133428141328,True,19.46021199686292,True,19.465257345983648,True,21.56956077095527,True,23.150000000000002,True,20.647214049504573,True,5,20.647214049504573,1.5570449449570647
2018222N16147,LEEPI,2018-08-14 17:21:56.918186918+00:00,131.59025681775677,32.29430176791288,6.0,0.8943017679128786,True,19.390181120857743,True,21.12153646062597,True,19.080138334653892,True,18.549314238403745,True,18.223059028694834,True,5,19.080138334653892,1.1285068773870879
2018226N23128,RUMBIA,2018-08-16 20:17:00.694105140+00:00,121.3671772339261,30.728352614031667,6.0,0.3805876900527778,True,23.01123748077875,True,23.150000000000002,True,22.95376170455707,True,23.150000000000002,True,21.092222222222222,True,5,23.01123748077875,0.8870084567755434
2018227N11145,SOULIK,2018-08-23 10:21:57.920565795+00:00,126.06384075383784,34.28214520614056,6.0,0.7276815076756975,True,25.22452910677691,True,31.56713034414529,True,29.451200823122043,True,31.56713034414529,True,34.98222222222223,True,5,31.56713034414529,3.5805497337007366
2018234N22119,UNNAMED,2018-08-22 21:32:55.770098362+00:00,120.29573541894354,22.595735418943566,6.0,0.5914708378871296,True,13.375730156032331,False,,True,13.515097591218096,False,,False,,False,2,13.445413873625213,
2018239N11161,JEBI,2018-09-04 04:19:32.874998061+00:00,135.0977395831718,34.63499594879589,6.0,0.7209664350954483,True,40.94464583805002,True,40.01880600612009,True,37.15470967936689,True,44.445514114171154,True,39.38487231233513,True,5,40.01880600612009,2.6631746292068033
2018250N12170,MANGKHUT,2018-09-14 18:26:44.521022747+00:00,122.18114659090759,18.007428338068273,6.0,0.07428338068274343,True,66.09217553088384,True,55.824595438753114,True,61.31004785983706,True,68.68570654986422,True,55.539439029349396,True,5,61.31004785983706,5.926562643679323
2018263N12146,TRAMI,2018-09-29 23:48:11.445800540+00:00,130.85079484725975,30.454075190775775,6.0,0.9671965648398384,True,38.35313795080897,True,43.72777777777778,True,42.9664,True,41.15555555555556,True,43.21333333333334,True,5,42.9664,2.1986273333043527
2018294N08161,YUTU,2018-10-29 20:34:17.141375966+00:00,122.4000000960022,16.757142864000155,6.0,0.4285713599984433,True,47.159857634971175,True,38.950794003563566,True,43.38971469210522,True,43.72777777777778,True,41.89047640213814,True,5,43.38971469210522,2.983716274588705
2018311N07179,USAGI,2018-11-20 16:49:22.684235078+00:00,125.55502363399995,11.221531189538485,6.0,0.8038279738462109,True,10.037942848564223,True,,True,12.73419796526594,True,12.861111111111112,False,,False,3,12.73419796526594,
2018321N10113,TORAJI,2018-11-18 05:14:21.422125452+00:00,109.18875020889737,11.661964196186846,6.0,0.8732139872894891,True,12.264126606738996,True,,True,16.79146666666667,True,13.187232910472037,True,15.310235048122001,True,4,14.248733979297018,
2018358N07140,UNNAMED,2018-12-29 08:06:58.318925032+00:00,122.94149006469712,11.523650024883505,6.0,0.3526999502329886,False,,False,,True,13.625386338313074,True,12.861111111111112,False,,False,2,13.243248724712092,
2018365N08115,PABUK,2019-01-04 08:22:18.306491087+00:00,100.28376642625602,8.239529196718,6.0,0.39529196717998616,True,22.030458131688555,True,22.133221217753704,True,20.558804176185596,True,24.705443439975927,True,19.896307896811848,True,5,22.030458131688555,1.85400471688423
2019195N13136,DANAS,2019-07-20 11:58:59.718783627+00:00,126.29832552176742,35.59804644206201,6.0,0.9972092029457258,True,11.967509385020001,True,18.012734105756273,True,16.796979793220817,True,15.447690433734767,True,13.895742840160574,True,5,15.447690433734767,2.3806689645211883
2019205N23137,NARI,2019-07-26 20:31:56.064452860+00:00,136.1110200104829,33.89085602935207,6.0,0.42204002096576687,True,15.73557659651306,True,18.005555555555556,True,15.7493091748952,True,15.433333333333334,True,16.26862640260311,True,5,15.7493091748952,1.0324637897825477
2019210N16117,WIPHA,2019-08-01 10:20:36.696079072+00:00,110.39325521965964,21.161960557385942,6.0,0.7239211147718834,True,19.797760039946528,True,20.57777777777778,True,21.73013333333333,True,23.150000000000002,True,20.808167724754185,True,5,20.808167724754185,1.2835201792356408
2019213N17155,FRANCISCO,2019-08-05 19:41:57.050492048+00:00,131.53184418334888,32.11151646024321,6.0,0.28319678203928333,True,36.24230496036175,True,32.36888583099478,True,32.555730397754985,True,33.82577594304131,True,30.465862874877967,True,5,32.555730397754985,2.1313096590361065
2019214N15134,LEKIMA,2019-08-09 17:59:44.908409372+00:00,121.40041921085071,28.299441052198972,6.0,0.9993013152487151,True,43.062342740745066,True,43.72957495022136,True,49.877772876459986,True,43.72957495022136,True,39.09849664675521,True,5,43.72957495022136,3.8583662699174446
2019216N16147,KROSA,2019-08-15 00:50:01.888608609+00:00,132.5,32.894566854261754,6.0,0.13897632447267938,True,25.981378802473944,True,25.364744232050832,True,26.256985355322556,True,27.936966454273055,True,28.522906496751776,True,5,26.256985355322556,1.349562046891197
2019231N13135,BAILU,2019-08-24 22:29:12.431402181+00:00,117.37654157492932,23.5730179750909,6.0,0.7477977501010002,True,19.740643148800057,True,20.57777777777778,True,20.012476178167862,True,24.4474404633693,True,19.302996018924855,True,5,20.012476178167862,2.081786086926865
2019236N08143,PODUL,2019-08-27 14:43:58.172728815+00:00,121.79796388873183,16.082188383866946,6.0,0.45547095966736606,True,11.960833333333335,True,,True,14.322133333333335,True,15.433333333333334,True,16.324775917728825,True,4,14.877733333333335,
2019242N18126,KAJIKI,2019-09-02 01:27:21.151881282+00:00,110.43603111935539,18.72720622387108,6.0,0.24264592042973732,True,14.353000000000002,True,,True,16.19229300715217,True,15.433333333333334,True,14.91888888888889,True,4,15.176111111111112,
2019243N06136,LINGLING,2019-09-07 05:55:34.604492852+00:00,125.19508526838615,37.87296897612383,6.0,0.9877131709653781,True,31.156950952377976,True,30.898271121350167,True,31.662079164359753,True,36.07432002047811,True,35.00750578596902,True,5,31.662079164359753,2.4019564584883524
2019250N24123,UNNAMED,2019-09-10 14:59:56.259720679+00:00,126.39972294227255,37.39993073556814,6.0,0.49982683892034174,False,,False,,True,13.33474207394083,False,,False,,False,1,13.33474207394083,
2019268N10155,MITAG,2019-10-01 11:56:27.232854281+00:00,122.39802993383591,29.887194569933627,6.0,0.9901496691797149,True,28.729563633043927,True,30.866666666666667,True,31.62692566685778,True,30.917341146331022,True,31.92596024335417,True,5,30.917341146331022,1.2505628083750235
2019278N16165,HAGIBIS,2019-10-12 08:56:33.588316361+00:00,138.78853268424234,34.631843416717004,6.0,0.49044390353526524,True,38.32038621751945,True,38.632494140701915,True,38.0654888333924,True,42.46624707035096,True,39.62205438369594,True,5,38.632494140701915,1.8016974453001622
2019302N11118,BULBUL:MATMO,2019-10-30 15:35:11.977485735+00:00,109.32289024391406,13.419555347090148,6.0,0.5977767354507364,True,23.92166666666667,True,25.722222222222225,True,23.7056,True,25.722222222222225,True,21.91990831771693,True,5,23.92166666666667,1.5933475629096576
2019308N13114,NAKRI,2019-11-10 17:14:31.863234993+00:00,109.37578157680571,12.787369737199047,6.0,0.8736973719904597,True,21.831636936636826,True,21.227534630760193,True,22.353899912196447,True,18.65531240853797,True,19.554249926830376,True,5,21.227534630760193,1.5640302609690824
2019314N14136,KALMAEGI,2019-11-19 17:49:48.225941988+00:00,122.20849686191684,18.522658298444867,6.0,0.9716771269439164,True,31.233672732324656,True,23.51426361736019,True,26.724750891626528,True,25.940780392638338,True,24.31002379113856,True,5,25.940780392638338,3.015000891289857
2019329N09160,KAMMURI,2019-12-02 14:45:41.276133823+00:00,124.14770688145421,12.99204885309096,6.0,0.46024426545480424,True,56.311019009654544,True,46.300000000000004,True,47.90506666666667,True,51.44444444444445,True,43.21333333333334,True,5,47.90506666666667,5.034745574925476
2019354N05151,PHANFONE,2019-12-24 08:48:19.384255380+00:00,125.69865387115414,11.187025634358895,6.0,0.4675640858972372,True,41.78532455414718,True,37.213789843169,True,35.533010048103634,True,33.272024130782455,True,33.33877003402503,True,5,35.533010048103634,3.5151134505263926
2020129N07134,VONGFONG,2020-05-14 04:33:55.562488051+00:00,125.51518489633116,12.176090567074313,6.0,0.7609056707431421,True,47.27137984869606,True,43.72777777777778,True,45.22111568354608,True,46.300000000000004,True,40.12666666666667,True,5,45.22111568354608,2.7909947791246053
2020213N15131,HAGUPIT,2020-08-03 19:53:42.153324819+00:00,120.94207978414772,27.984256388534142,6.0,0.31584043170460063,True,32.10478523645323,True,33.57387577979061,True,35.79165734747817,True,36.958509779119666,True,29.458320224235056,True,5,33.57387577979061,2.977845857158196
2020222N15117,MEKKHALA,2020-08-10 23:20:44.991262364+00:00,117.75451409114896,24.058263363012667,6.0,0.8909718177020522,True,33.22951974991293,True,23.43044471335528,True,35.02920435234662,True,35.16977697104528,True,20.39986698935967,True,5,33.22951974991293,7.004785456564235
2020234N19123,BAVI,2020-08-27 00:42:03.212903567+00:00,124.87008924732129,39.51540161294591,6.0,0.11681541220218605,True,29.70095699055169,True,,True,27.490441901874945,True,29.965241069173132,True,30.99412995806202,True,4,29.83309902986241,
2020239N13134,MAYSAK,2020-09-02 16:03:18.609121219+00:00,128.5758615333898,34.754481526796525,6.0,0.6758615333897922,True,36.65789323520939,True,39.417089500225146,True,38.668058069506245,True,40.25084566711696,True,41.127174066936846,True,5,39.417089500225146,1.703506841905225
2020244N25146,HAISHEN,2020-09-06 23:10:24.704092800+00:00,129.1862254819111,35.15563704777779,6.0,0.862254819111115,True,36.54151886043273,True,37.074044756970345,True,36.59648869334659,True,38.937644548619744,True,36.32860484031058,True,5,36.59648869334659,1.065128197687686
2020258N11127,NOUL,2020-09-18 00:31:21.585773522+00:00,108.05609073306186,16.3,6.0,0.08711045247790139,True,21.112734558528228,True,22.92593255834851,True,23.103306716840795,True,22.70186511669702,True,23.9100079589071,True,5,22.92593255834851,1.0227840068980565
2020285N17120,NANGKA,2020-10-13 11:26:05.733853917+00:00,110.56592529177118,19.062328404702182,6.0,0.9058210117554495,True,23.696374830287667,True,23.150000000000002,True,23.7056,True,23.150000000000002,True,24.081989174317275,True,5,23.696374830287667,0.40262225528737083
2020288N13124,UNNAMED,2020-10-14 11:57:30.988636871+00:00,122.60965814390647,13.49586079546865,6.0,0.9931013257810832,False,,False,,True,12.346666666666668,False,,False,,False,1,12.346666666666668,
2020291N06141,SAUDEL,2020-10-25 22:07:55.365734345+00:00,106.44906052835756,17.8688674339553,6.0,0.6886743395530175,True,10.313409534065924,False,,True,12.961680131357667,False,,False,,False,2,11.637544832711797,
2020296N09137,MOLAVE,2020-10-28 04:22:24.017717918+00:00,108.92533234900452,15.03733382549774,6.0,0.7288897091628996,True,34.78741533479497,True,37.40582294063975,True,33.348067029918404,True,37.40582294063975,True,37.59788473181146,True,5,37.40582294063975,1.9332365424279654
2020299N11144,GONI,2020-10-31 20:49:09.976140367+00:00,124.34213117608726,13.606018739441037,6.0,0.4699063027948114,True,72.3409131146481,True,56.898519595688946,True,61.59616124090033,True,69.91444606020008,True,50.756149333035616,True,5,61.59616124090033,8.968438898383502
2020313N08135,VAMCO,2020-11-11 17:05:02.522063019+00:00,121.52899152340143,15.038935593759618,6.0,0.8473389843990446,True,45.81635725948676,True,36.4037891679069,True,40.0032,True,41.15555555555556,True,37.040000000000006,True,5,40.0032,3.7691035813094724
2021132N06132,UNNAMED,2021-05-13 16:26:22.684322970+00:00,126.60804872877884,7.4739939089026395,6.0,0.739939089026393,True,12.582942375867365,False,,True,12.860408327597996,True,12.861111111111112,False,,False,3,12.860408327597996,
2021148N05142,CHOI-WAN,2021-06-01 17:49:34.592902212+00:00,124.04922185491847,11.894209193539002,6.0,0.9710459676950052,True,14.353000000000002,True,18.005555555555556,True,16.79146666666667,True,18.005555555555556,True,18.035346037682697,True,5,18.005555555555556,1.591935154050853
2021161N18115,KOGUMA,2021-06-11 23:42:48.214444151+00:00,110.05254463478855,18.390446430038438,6.0,0.9522321501922022,True,11.846564675284782,True,18.005555555555556,True,18.67256953829969,True,15.433333333333334,True,14.91888888888889,True,5,15.433333333333334,2.7227538004155467
2021197N17135,IN-FA,2021-07-26 00:45:43.756537866+00:00,121.16189227030736,30.638107729692592,6.0,0.12702576564197443,True,18.83346653095679,True,25.722222222222225,True,23.7056,True,27.96770594726537,True,28.220759593966548,True,5,25.722222222222225,3.851727800849887
2021198N19117,CEMPAKA,2021-07-20 15:38:05.190576768+00:00,111.69710206998218,21.76057958600356,6.0,0.6057958600355846,True,30.08584134727284,True,27.750183520039162,True,25.623819025141852,True,27.750183520039162,True,26.409646316487525,True,5,27.750183520039162,1.6968957618215283
2021214N21110,LUPIT,2021-08-05 07:32:21.738243059+00:00,117.07696858670914,23.60262478227887,6.0,0.25656195569717966,True,20.915761041646398,True,20.57777777777778,True,18.766933333333334,True,19.9178434139567,True,20.300300985636927,True,5,20.300300985636927,0.828253354370429
2021248N11131,CONSON,2021-09-07 02:26:28.375874338+00:00,123.91519152259087,12.162747701376635,6.0,0.40686925344158453,True,25.340534267558827,True,23.150000000000002,True,26.6688,True,25.722222222222225,True,21.70248785701455,True,5,25.340534267558827,2.034157070824416
2021248N12141,CHANTHU,2021-09-17 14:38:01.526196241+00:00,132.69739886530573,33.84389595461222,6.0,0.43895954612227683,True,15.695102272417829,True,23.150000000000002,True,19.562258454884116,True,19.448676278585477,True,19.862908112726508,True,5,19.562258454884116,2.642365032609713
2021264N13119,DIANMU,2021-09-23 14:58:52.626100091+00:00,108.70374299443938,15.449064251390155,6.0,0.49688083796718274,True,15.556544888776173,True,,True,14.582930718070134,True,18.005555555555556,True,15.449379689124383,True,4,15.502962288950279,
2021280N14137,KOMPASU,2021-10-13 07:20:58.623598647+00:00,110.56259558342725,19.05501274445697,6.0,0.2249362777151589,True,23.38358160099239,True,27.137272260198685,True,27.53338136979074,True,31.703130612520248,True,27.767433923067706,True,5,27.53338136979074,2.9502241867435552
2021346N05145,RAI,2021-12-16 10:48:32.116505254+00:00,124.55732362456212,10.080148687524325,6.0,0.8014868752432562,True,58.836629439816775,True,49.893461964026365,True,51.74327462238408,True,49.893461964026365,True,48.039932134609415,True,5,49.893461964026365,4.208766738886898
2021349N05108,UNNAMED,2021-12-16 16:10:32.838100986+00:00,103.45605290965375,4.23040352731025,6.0,0.6959647268975004,True,14.353000000000002,False,,False,,False,,False,,False,1,14.353000000000002,
2022088N09116,UNNAMED,2022-03-30 22:54:54.985718456+00:00,109.37231507928783,12.827684920712159,6.0,0.8192123017803965,True,16.74516666666667,False,,False,,False,,False,,False,1,16.74516666666667,
2022099N11128,MEGI,2022-04-10 19:25:43.370922574+00:00,125.05237619516134,11.023811902419325,6.0,0.23811902419325293,True,11.960833333333335,True,,True,16.203471422925464,True,17.3930605099918,True,18.054452371542435,True,4,16.79826596645863,
2022180N15117,CHABA,2022-07-02 08:46:14.031401305+00:00,111.01529571479062,21.523232499116386,6.0,0.46176071302340915,True,32.56867424298751,True,31.26010644155915,True,29.021968850563447,True,29.875635386724916,True,31.181418486580654,True,5,31.181418486580654,1.3692636015043873
2022180N15130,AERE,2022-07-04 19:24:00.242724199+00:00,129.72668239879073,32.81667228528241,6.0,0.23334457056481028,True,11.960833333333335,True,,True,16.79146666666667,True,12.260897021269406,False,,False,3,12.260897021269406,
2022215N21118,UNNAMED,2022-08-04 00:59:17.391576019+00:00,114.90236713466561,22.5988164326672,6.0,0.16469405444533436,True,11.566857706091021,False,,True,12.346666666666668,True,12.437481404398946,False,,False,3,12.346666666666668,
2022220N16110,MULAN,2022-08-10 03:52:54.906939395+00:00,110.28831492438258,20.258794572951775,6.0,0.6469864323794354,False,,True,18.005555555555556,True,18.766933333333334,True,18.005555555555556,True,18.005555555555556,False,4,18.005555555555556,
2022221N24149,MEARI,2022-08-13 05:30:10.170969345+00:00,138.1254237903894,34.6254237903894,6.0,0.9171375448771073,True,14.55122080306315,True,20.57777777777778,True,18.766933333333334,True,20.57777777777778,True,20.063333333333336,True,5,20.063333333333336,2.545217760428289
2022232N18131,MA-ON,2022-08-23 03:01:11.071509796+00:00,122.1960515827891,17.502632278140595,6.0,0.503290347675744,True,26.31383333333334,True,25.722222222222225,True,23.7056,True,25.722222222222225,True,25.47346350541039,True,5,25.722222222222225,0.9897409643143323
2022247N26147,MUIFA,2022-09-14 16:24:30.354056010+00:00,121.85915683177751,30.855160197815415,6.0,0.7347386137041667,True,32.36726555916803,True,34.803511353944124,True,33.3105155030556,True,32.91360036424952,True,33.26017802061079,True,5,33.26017802061079,0.9050872309122767
2022254N24143,NANMADOL,2022-09-18 08:23:21.858431631+00:00,130.62035316267009,31.177881023979523,6.0,0.39823418664960286,True,41.15371490633942,True,43.2269595263539,True,41.7863524581199,True,41.67908412868038,True,45.389443018756644,True,5,41.7863524581199,1.714994343882043
2022264N17132,NORU,2022-09-25 11:34:21.282662956+00:00,121.4783606051272,15.185752617249596,6.0,0.928763086247983,True,55.531065044874694,True,44.09425212296871,True,50.267530241854956,True,51.81091878963538,True,43.616455113043365,True,5,50.267530241854956,5.128136050784438
2022285N12116,SONCA,2022-10-14 18:43:30.004133179+00:00,108.94291641791051,15.236250057405268,6.0,0.12083352468422959,True,15.878004876770296,True,,True,16.493088416379745,True,15.122522655951121,True,18.537147360632908,True,4,16.18554664657502,
2022299N11134,NALGAE,2022-10-28 19:15:56.182249801+00:00,123.58359845487485,13.54218687268335,6.0,0.21093436341675442,True,26.31383333333334,True,25.722222222222225,True,26.6688,True,25.722222222222225,True,26.751111111111115,True,5,26.31383333333334,0.49665075214373555
2023101N14127,UNNAMED,2023-04-11 13:31:39.470850107+00:00,124.39815794722023,13.77453948680506,6.0,0.25460513194940404,False,,False,,True,14.322133333333335,True,12.861111111111112,False,,False,2,13.591622222222224,
2023194N16123,TALIM,2023-07-13 15:39:28.562067646+00:00,122.35613773948802,16.665793390767952,6.0,0.6096556512799225,False,,True,,True,12.346666666666668,False,,False,,False,1,12.346666666666668,
2023201N13134,DOKSURI,2023-07-25 23:31:08.574470718+00:00,121.41603171786369,18.908015858931858,6.0,0.9198414106814141,True,50.81075811624484,True,46.71237140949451,True,52.5873925985355,True,54.22285237141392,True,45.08656379426227,True,5,50.81075811624484,3.875160451911633
2023207N09141,KHANUN,2023-08-10 00:50:55.127169860+00:00,128.61513535639278,35.05459393082171,6.0,0.14144107267873096,True,20.51444814192109,True,,True,21.311015146771716,True,22.78618212972082,True,25.95071179649692,True,4,22.04859863824627,
2023218N25145,LAN,2023-08-14 19:33:56.423035560+00:00,135.8173381423661,33.50875640872448,6.0,0.26094551090560003,True,33.38559938798129,True,30.19545682472615,True,30.318743770140877,True,32.09646920500786,True,31.090103745226937,True,5,31.090103745226937,1.3362500898776777
2023234N18128,SAOLA,2023-09-02 05:59:06.241653896+00:00,111.90223993108759,21.7,6.0,0.9975111876804021,True,28.723860961611596,True,25.735025778933046,True,23.72526626310782,True,28.320051557866087,True,24.198094223955124,True,5,25.735025778933046,2.3018960874604186
2023239N18144,HAIKUI,2023-09-03 07:14:11.303647747+00:00,121.23209746564481,22.879392112741908,6.0,0.2060788725809175,True,48.26359996123074,True,32.378727577722614,True,43.38521285320094,True,47.28198025547281,True,38.43040856880063,True,5,43.38521285320094,6.602048038091687
2023266N16116,UNNAMED,2023-09-25 12:54:50.704618073+00:00,108.26288730758023,16.045704230806578,6.0,0.1523474360219268,True,14.353000000000002,False,,True,14.322133333333335,True,12.861111111111112,False,,False,3,14.322133333333335,
2023271N14144,KOINU,2023-10-04 23:30:28.454948861+00:00,120.84100798729486,21.99179840254103,6.0,0.9179840254102771,True,53.02005842776211,True,41.57748218038935,True,46.45616442779258,True,46.510963312416905,True,39.56189706509495,True,5,46.45616442779258,5.222712365753793
2023349N04141,JELAWAT,2023-12-18 01:02:11.624558336+00:00,126.57906772264647,7.31727603962193,6.0,0.17276039621930295,True,13.93972833884406,True,,True,16.36486366160247,True,12.861111111111112,False,,False,3,13.93972833884406,
2024141N03142,EWINIAR,2024-05-24 14:59:53.220083035+00:00,125.80031388504466,10.699686114955352,6.0,0.4996861149553524,True,11.960833333333335,True,,True,13.333779930557135,True,14.146414840135158,True,14.91888888888889,True,4,13.740097385346147,
2024151N18113,MALIKSI,2024-05-31 17:16:04.410570787+00:00,111.48779819708699,21.51458737960886,6.0,0.8779819708697971,True,14.353000000000002,True,,True,16.79146666666667,True,18.005555555555556,False,,False,3,16.79146666666667,
2024195N13114,UNNAMED,2024-07-15 11:16:14.165419315+00:00,106.38234962365863,17.714903508959296,6.0,0.8784335842275652,True,9.859473794263627,False,,False,,False,,False,,False,1,9.859473794263627,
2024198N08130,PRAPIROON,2024-07-18 07:18:58.764728453+00:00,121.54642892083712,12.643877451189388,6.0,0.2193872559469412,True,10.093477547434409,False,,False,,False,,False,,False,1,10.093477547434409,
2024201N12133,GAEMI,2024-07-24 13:52:49.346236216+00:00,121.60598130227476,23.94473522499252,6.0,0.31339565908410805,True,49.62888807011054,True,32.63276561024477,True,46.357309971669956,True,50.63832116580033,True,41.27863746458745,True,5,46.357309971669956,7.3802267629610085
2024218N23143,MARIA,2024-08-11 23:51:08.677722211+00:00,141.72213842824118,38.98278122247908,6.0,0.9754017463986884,True,21.588343122323273,True,23.213272174541153,True,21.778726363380937,True,28.231172269903297,True,24.242161063430043,True,5,23.213272174541153,2.699603706584546
2024233N15148,SHANSHAN,2024-08-28 23:14:15.884893657+00:00,130.1745915267931,31.9983661071725,6.0,0.8729576339656262,True,36.4903130265638,True,39.23689572748795,True,36.55420258537741,True,36.664673505265725,True,39.81669641134785,True,5,36.664673505265725,1.6337638000208217
2024244N09137,YAGI,2024-09-01 11:57:08.394568525+00:00,124.40715022631139,13.793644243278733,6.0,0.9920553040984146,True,16.726161629954092,True,18.005555555555556,True,14.322133333333335,True,17.9851200322087,True,17.981032927539328,True,5,17.981032927539328,1.596081636979026
2024253N11148,BEBINCA,2024-09-15 23:22:54.679087800+00:00,121.94423376282776,30.869092765108338,6.0,0.8969758836944663,True,33.49033333333334,True,33.70388981027479,True,40.0032,True,41.15555555555556,True,32.425557398327356,True,5,33.70388981027479,4.087521508481346
2024259N12145,PULASAN,2024-09-19 13:32:07.373132294+00:00,121.81851340529983,30.853538142563742,6.0,0.2558969042729018,True,14.353000000000002,True,18.005555555555556,True,20.97185962659187,True,22.49177629623137,True,18.005555555555556,True,5,18.005555555555556,3.1376083723430646
2024259N17126,SOULIK,2024-09-16 16:02:31.508018088+00:00,122.18737433182599,17.53473618535267,6.0,0.6736809267633532,False,,True,,True,14.322133333333335,True,12.861111111111112,True,14.91888888888889,False,3,14.322133333333335,
2024270N24128,KRATHON,2024-10-03 04:50:16.066898010+00:00,120.32251975737057,22.561259878685288,6.0,0.8062993934264284,True,33.953697467691754,True,26.22046322690869,True,36.05226666666667,True,34.43537089826182,True,29.40677809451265,True,5,33.953697467691754,4.071109644939908
2024293N13141,TRAMI,2024-10-23 15:26:26.656818774+00:00,122.4985805660582,17.02938253368101,6.0,0.5734563342025183,True,20.50913646080146,True,25.722222222222225,True,23.7056,True,25.722222222222225,True,26.751111111111115,True,5,25.722222222222225,2.480504444643973
2024298N13150,KONG-REY,2024-10-31 05:45:46.710634366+00:00,121.33555372356807,23.052595035242575,6.0,0.960495862702146,True,48.03233429421204,True,38.78656017298785,True,46.18322709588884,True,48.97383564204949,True,43.47752822488421,True,5,46.18322709588884,4.10091673669435
2024307N06143,YINXING,2024-11-12 06:28:01.637290511+00:00,109.22993177956204,14.092214642173559,6.0,0.07785357826440986,True,14.166761265195156,True,,True,14.168336184591269,False,,False,,False,2,14.167548724893212,
2024312N14145,TORAJI,2024-11-11 00:26:57.034808978+00:00,122.21016473283453,16.35240390584651,6.0,0.07486272263787441,True,35.52433178065954,True,35.43342043475552,True,35.867405650232875,True,35.81854755232592,True,34.52006968113775,True,5,35.52433178065954,0.5429406786206191
2024313N10169,MAN-YI,2024-11-17 07:22:38.219166212+00:00,121.62454337965482,15.960683028534667,6.0,0.2295471836209515,True,57.803412364651315,True,49.67310534416944,True,53.15911832073226,True,53.63665705509721,True,46.62852602854055,True,5,53.15911832073226,4.236940907721797
2024314N07151,USAGI,2024-11-14 05:40:14.683771227+00:00,122.1548757513321,17.861586974067546,6.0,0.9451242486679234,True,48.499693049057754,True,44.0100830318528,True,50.17864768163655,True,49.01337484925973,True,40.493663496964196,True,5,48.499693049057754,4.0652641433085295
