scenario,theta_multiplier,theta_per_m,exchange_coefficient,boundary_layer_depth_m,comparison_hour,final_wind_ms,final_core_moisture,final_central_pressure_hpa,final_rmw_km,delta_wind_ms,delta_core_moisture,delta_central_pressure_hpa,delta_rmw_km
open_ocean_intensifying,0.7,4.666666666666666e-07,0.0008399999999999999,1800.0,48.0,45.60705089881032,0.8502585985465939,954.4349630077205,31.056650636437702,-1.9708021768169885,-0.008652279192359558,0.6844569869572297,1.2491736523731944
open_ocean_intensifying,0.71,4.733333333333333e-07,0.0008519999999999999,1800.0,48.0,45.69746437773363,0.8506878135510957,954.4117560967861,30.99716449583011,-1.8803886978936788,-0.008223064187857787,0.6612500760228386,1.1896875117656016
open_ocean_intensifying,0.72,4.8e-07,0.0008639999999999999,1800.0,48.0,45.78601578199351,0.8511056394925677,954.3885678024549,30.93911597212463,-1.7918372936337974,-0.007805238246385793,0.6380617816915901,1.1316389880601214
open_ocean_intensifying,0.73,4.866666666666666e-07,0.0008759999999999999,1800.0,48.0,45.872718927788235,0.85151226648304,954.3653990945478,30.882481531558565,-1.7051341478390754,-0.0073986112559134565,0.6148930737845149,1.075004547494057
open_ocean_intensifying,0.74,4.933333333333333e-07,0.0008879999999999999,1800.0,48.0,45.95758822170257,0.8519078833578478,954.3422509324499,30.827237813669964,-1.6202648539247377,-0.007002994381105632,0.5917449116866464,1.019760829605456
open_ocean_intensifying,0.75,5e-07,0.0009,1800.0,48.0,46.040638631373575,0.8522926776189975,954.3191242651114,30.773361639345893,-1.5372144442537348,-0.006618200119955953,0.5686182443481584,0.9658846552813856
open_ocean_intensifying,0.76,5.066666666666667e-07,0.0009119999999999999,1800.0,48.0,46.12188565663446,0.8526668353805399,954.2960200310521,30.7208300182678,-1.4559674189928486,-0.006244042358413582,0.5455140102887981,0.9133530342032934
open_ocean_intensifying,0.77,5.133333333333333e-07,0.0009239999999999999,1800.0,48.0,46.20134530114829,0.8530305413160246,954.2729391583583,30.66962015578324,-1.3765077744790233,-0.005880336422928845,0.5224331375950442,0.8621431717187313
open_ocean_intensifying,0.78,5.2e-07,0.000936,1800.0,48.0,46.27903404454772,0.8533839786080877,954.249882564697,30.619709459236837,-1.2988190310795886,-0.005526899130865792,0.4993765439337494,0.8122324751723298
open_ocean_intensifying,0.79,5.266666666666667e-07,0.000948,1800.0,48.0,46.354968815091276,0.853727328900218,954.2268511573122,30.571075543788634,-1.2228842605360342,-0.005183548838735508,0.47634513654895727,0.7635985597241266
open_ocean_intensifying,0.7999999999999999,5.333333333333332e-07,0.0009599999999999998,1800.0,48.0,46.4291669628489,0.8540607722507421,954.2038458330322,30.52369623774742,-1.1486861127784067,-0.004850105488211409,0.4533398122689505,0.7162192536829117
open_ocean_intensifying,0.8099999999999999,5.399999999999999e-07,0.0009719999999999999,1800.0,48.0,46.50164623342798,0.8543844870890538,954.1808674782752,30.477549587444287,-1.0762068421993334,-0.004526390649899681,0.43036145751193544,0.6700726033797793
open_ocean_intensifying,0.82,5.466666666666666e-07,0.0009839999999999998,1800.0,48.0,46.57242474224901,0.8546986501741056,954.1579169690558,30.432613861672746,-1.0054283333782976,-0.004212227564847848,0.40741094829252233,0.625136877608238
open_ocean_intensifying,0.83,5.533333333333333e-07,0.000996,1800.0,48.0,46.64152094938017,0.8550034365551741,954.1349951709923,30.388867555716285,-0.9363321262471374,-0.003907441183779392,0.3844891502290011,0.5813905716517773
open_ocean_intensifying,0.84,5.599999999999999e-07,0.0010079999999999998,1800.0,48.0,46.70895363493945,0.8552990195349032,954.1121029393134,30.346289394987252,-0.8688994406878621,-0.0036118582040503,0.3615969185501626,0.5388124109227448
open_ocean_intensifying,0.85,5.666666666666666e-07,0.0010199999999999999,1800.0,48.0,46.77474187506992,0.8555855706346176,954.0892411188679,30.304858338296263,-0.8031112005573888,-0.003325307104335873,0.3387350981046211,0.4973813542317558
open_ocean_intensifying,0.86,5.733333333333333e-07,0.001032,1800.0,48.0,46.83890501849659,0.8558632595619035,954.0664105441313,30.264553580773633,-0.7389480571307203,-0.0030476181770500155,0.31590452336797625,0.4570765967091255
open_ocean_intensifying,0.87,5.8e-07,0.001044,1800.0,48.0,46.901462663667715,0.8561322541804317,954.0436120392186,30.225354556459273,-0.6763904119595949,-0.0027786235585217645,0.2931060184553189,0.4178775723947652
open_ocean_intensifying,0.88,5.866666666666666e-07,0.0010559999999999999,1800.0,48.0,46.96243463648688,0.8563927204820097,954.0208464178951,30.187240940580484,-0.6154184391404272,-0.0025181572569438204,0.2703403971318039,0.3797639565159763
open_ocean_intensifying,0.89,5.933333333333333e-07,0.001068,1800.0,48.0,47.02184096863776,0.8566448225608304,953.9981144835842,30.150192651533388,-0.5560121069895487,-0.002266055178123061,0.24760846282094917,0.34271566746888027
open_ocean_intensifying,0.9,6e-07,0.00108,1800.0,48.0,47.07970187650511,0.8568887225898888,953.9754170293849,30.114189852584193,-0.49815119912219785,-0.002022155149064675,0.2249110086215751,0.3067128685196856
open_ocean_intensifying,0.91,6.066666666666666e-07,0.0010919999999999999,1800.0,48.0,47.13603774069317,0.8571245807995339,953.952754838081,30.079212953305124,-0.44181533493414094,-0.0017862969394195627,0.20224881731769528,0.27173596924061627
open_ocean_intensifying,0.9199999999999999,6.133333333333332e-07,0.0011039999999999997,1800.0,48.0,47.19086908614232,0.8573525554581101,953.9301286821596,30.04524261075913,-0.3869839894849889,-0.001558322280843405,0.1796226613963654,0.2377656266946211
open_ocean_intensifying,0.9299999999999999,6.199999999999999e-07,0.0011159999999999998,1800.0,48.0,47.24421656284432,0.8575728028546554,953.9075393238204,30.012259730447113,-0.3336365127829879,-0.001338074884298046,0.15703330305711916,0.2047827463826053
open_ocean_intensifying,0.94,6.266666666666666e-07,0.0011279999999999999,1800.0,48.0,47.29610092715457,0.8577854772836022,953.8849875149951,29.98024546703036,-0.28175214847274077,-0.0011254004553512553,0.1344814942318635,0.17276848296585356
open_ocean_intensifying,0.95,6.333333333333332e-07,0.00114,1800.0,48.0,47.34654302370027,0.8579907310314389,953.8624739973668,29.949181224840284,-0.23131005192703924,-0.000920146707514613,0.11196797660352331,0.14170424077577692
open_ocean_intensifying,0.96,6.399999999999999e-07,0.0011519999999999998,1800.0,48.0,47.3955637678826,0.8581887143652802,953.8399995023842,29.919048658187055,-0.18228930774471053,-0.0007221633736732569,0.08949348162093429,0.11157167412254765
open_ocean_intensifying,0.97,6.466666666666666e-07,0.0011639999999999999,1800.0,48.0,47.44318412896845,0.8583795755232961,953.8175647512797,29.88982967147752,-0.13466894665886286,-0.0005313022156573366,0.0670587305164645,0.08235268741301383
open_ocean_intensifying,0.98,6.533333333333333e-07,0.001176,1800.0,48.0,47.489425113769414,0.8585634607069431,953.7951704550901,29.861506419154242,-0.08842796185789581,-0.00034741703201035534,0.04466443432681899,0.05402943508973479
open_ocean_intensifying,0.99,6.599999999999999e-07,0.0011879999999999998,1800.0,48.0,47.534307750902336,0.8587405140749421,953.7728173146805,29.83406130546375,-0.043545324724973966,-0.0001703636640113526,0.02231129391725517,0.026584321399241162
open_ocean_intensifying,1.0,6.666666666666666e-07,0.0012,1800.0,48.0,47.57785307562731,0.8589108777389535,953.7505060207633,29.807476984064508,0.0,0.0,0.0,0.0
open_ocean_intensifying,1.01,6.733333333333333e-07,0.001212,1800.0,48.0,47.620082115256636,0.8590746917608842,953.7282372539169,29.781736357483545,0.04222903962932634,0.00016381402193077488,-0.022268766846423205,-0.0257406265809621
open_ocean_intensifying,1.02,6.8e-07,0.0012239999999999998,1800.0,48.0,47.66101587512907,0.8592320941517753,953.706011684621,29.756822576429585,0.08316279950175698,0.0003212164128217898,-0.04449433614229292,-0.050654407634922904
open_ocean_intensifying,1.03,6.866666666666666e-07,0.001236,1800.0,48.0,47.700675325142214,0.8593832208722076,953.6838299732666,29.73271903897125,0.12282224951490406,0.00047234313325417165,-0.06667604749668499,-0.07475794509325695
open_ocean_intensifying,1.04,6.933333333333333e-07,0.001248,1800.0,48.0,47.73908138683594,0.8595282058341714,953.6616927701918,29.709409389588238,0.16122831120863168,0.0006173280952179727,-0.08881325057143385,-0.09806759447626945
open_ocean_intensifying,1.05,7e-07,0.0012599999999999998,1800.0,48.0,47.77625492101853,0.8596671809043367,953.639600715707,29.686877518102033,0.19840184539121708,0.0007563031653832208,-0.11090530505623519,-0.12059946596247428
open_ocean_intensifying,1.06,7.066666666666666e-07,0.001272,1800.0,48.0,47.81221671592847,0.8598002759086746,953.6175544401187,29.665107558494068,0.23436364030116152,0.0008893981697211117,-0.13295158064454426,-0.14236942557043974
open_ocean_intensifying,1.07,7.133333333333333e-07,0.001284,1800.0,48.0,47.84698747592165,0.8599276186383558,953.595554563762,29.644083887617597,0.269134400294341,0.0010167408994022908,-0.15495145700128887,-0.16339309644691014
open_ocean_intensifying,1.08,7.2e-07,0.001296,1800.0,48.0,47.88058781067683,0.8600493348568924,953.5736016970291,29.62379112380925,0.3027347350495191,0.001138457117938918,-0.17690432373422027,-0.18368586025525602
open_ocean_intensifying,1.09,7.266666666666667e-07,0.001308,1800.0,48.0,47.913038224908,0.8601655483084414,953.5516964403992,29.60421412540694,0.3351851492806901,0.0012546705694879146,-0.19880958036412721,-0.20326285865756688
open_ocean_intensifying,1.1,7.333333333333333e-07,0.00132,1800.0,48.0,47.94435910857588,0.8602763807272298,953.5298393844735,29.585337989179855,0.3665060329485712,0.0013655029882763126,-0.22066663628982042,-0.22213899488465216
open_ocean_intensifying,1.11,7.4e-07,0.001332,1800.0,48.0,47.97457072758726,0.8603819518480423,953.5080311100022,29.567148048675513,0.39671765195995334,0.0014710741090888657,-0.24247491076107508,-0.24032893538899458
open_ocean_intensifying,1.12,7.466666666666667e-07,0.001344,1800.0,48.0,48.003693214972515,0.86048237941771,953.486272187925,29.549629872490105,0.4258401393452047,0.0015715016787565261,-0.26423383283827206,-0.257847111574403
open_ocean_intensifying,1.1300000000000001,7.533333333333334e-07,0.001356,1800.0,48.0,48.03174656253106,0.8605777792075581,953.4645631794,29.53276926246595,0.45389348690375186,0.001666901468604598,-0.28594284136329406,-0.2747077215985563
open_ocean_intensifying,1.1400000000000001,7.6e-07,0.001368,1800.0,48.0,48.05875061293362,0.8606682650267494,953.4429046358458,29.516552251821956,0.480897537306312,0.0017573872877959529,-0.3076013849174615,-0.29092473224255144
open_ocean_intensifying,1.15,7.666666666666665e-07,0.0013799999999999997,1800.0,48.0,48.08472505227111,0.8607539487364773,953.4212970989735,29.500965103221073,0.5068719766438008,0.001843070997523788,-0.32920892178981376,-0.30651188084343417
open_ocean_intensifying,1.1600000000000001,7.733333333333334e-07,0.001392,1800.0,48.0,48.10968940303862,0.8608349402649571,953.3997411008231,29.485994306779645,0.5318363274113125,0.0019240625260036337,-0.35076491994016123,-0.32148267728486246
open_ocean_intensifying,1.17,7.799999999999998e-07,0.0014039999999999999,1800.0,48.0,48.133663017544,0.8609113476231669,953.3782371638107,29.471626578022143,0.5558099419166922,0.0020004698842134294,-0.37226885695258716,-0.3358504060423648
open_ocean_intensifying,1.1800000000000002,7.866666666666667e-07,0.0014160000000000002,1800.0,48.0,48.156665071729385,0.8609832769212854,953.3567858007594,29.457848855786008,0.5788119961020755,0.00207239918233193,-0.39372022000384277,-0.3496281282784999
open_ocean_intensifying,1.19,7.933333333333332e-07,0.0014279999999999998,1800.0,48.0,48.178714559395466,0.8610508323857896,953.3353875149459,29.444648300079912,0.6008614837681563,0.0021399546468361397,-0.4151185058174178,-0.36282868398459556
open_ocean_intensifying,1.2000000000000002,8.000000000000001e-07,0.00144,1800.0,48.0,48.19983028681555,0.8611141163771568,953.3140428001388,29.432012289899355,0.6219772111882378,0.0022032386382033753,-0.4364632206244323,-0.37546469416515293
open_ocean_intensifying,1.21,8.066666666666665e-07,0.0014519999999999997,1800.0,48.0,48.22003086773004,0.8611732294081311,953.2927521406443,29.419928421003622,0.6421777921027285,0.0022623516691776535,-0.45775388011895757,-0.3875485630608857
open_ocean_intensifying,1.2200000000000002,8.133333333333334e-07,0.001464,1800.0,48.0,48.23933471870886,0.8612282701625157,953.2715160113502,29.408384503656293,0.6614816430815509,0.0023173924235622145,-0.4789900094131099,-0.3990924804082141
open_ocean_intensifying,1.23,8.199999999999999e-07,0.0014759999999999999,1800.0,48.0,48.25776005487089,0.8612793355144398,953.2503348777656,29.397368560333238,0.679906979243583,0.0023684577754863323,-0.5001711429977149,-0.41010842373126977
open_ocean_intensifying,1.2400000000000002,8.266666666666668e-07,0.0014880000000000002,1800.0,48.0,48.27532488594956,0.8613265205480725,953.2292091960721,29.38686882340183,0.6974718103222486,0.0024156428091189897,-0.5212968246911487,-0.4206081606626775
open_ocean_intensifying,1.25,8.333333333333332e-07,0.0014999999999999998,1800.0,48.0,48.29204701269275,0.861369918577734,953.208139413173,29.376873732772438,0.7141939370654384,0.0024590408387805684,-0.5423666075903384,-0.43060325129206944
open_ocean_intensifying,1.26,8.399999999999999e-07,0.0015119999999999999,1800.0,48.0,48.307944023586664,0.8614096211683724,953.1871259667297,29.367371933527572,0.7300909479593543,0.002498743429418915,-0.5633800540335869,-0.4401050505369355
open_ocean_intensifying,1.27,8.466666666666666e-07,0.001524,1800.0,48.0,48.323033291892244,0.8614457181563717,953.1661692852217,29.358352273528727,0.7451802162649344,0.0025348404174182493,-0.5843367355415694,-0.44912471053578074
open_ocean_intensifying,1.28,8.533333333333332e-07,0.0015359999999999998,1800.0,48.0,48.33733197298336,0.8614782976706524,953.1452697879915,29.349803801005297,0.7594788973560469,0.0025674199316989554,-0.6052362327717447,-0.45767318305921023
open_ocean_intensifying,1.29,8.599999999999999e-07,0.001548,1800.0,48.0,48.35085700197587,0.8615074461540336,953.1244278852943,29.341715762127816,0.773003926348558,0.0025965684150801582,-0.6260781354690153,-0.4657612219366918
open_ocean_intensifying,1.3,8.666666666666666e-07,0.00156,1800.0,48.0,48.363625091637154,0.8615332483848251,953.1036439783486,29.334077598566857,0.7857720160098438,0.0026223706458716745,-0.646862042414682,-0.47339938549765037
hostile_open_ocean,0.7,4.666666666666666e-07,0.0008399999999999999,1800.0,48.0,22.654783675057605,0.5224043306730326,968.741746325563,65.5720230754927,3.5432238790581287,0.05616366734118011,1.5442607060305136,-10.001076977131888
hostile_open_ocean,0.71,4.733333333333333e-07,0.0008519999999999999,1800.0,48.0,22.512752836383783,0.5203052347786425,968.681806470936,65.92548825325089,3.4011930403843067,0.054064571446790055,1.4843208514034814,-9.647611799373692
hostile_open_ocean,0.72,4.8e-07,0.0008639999999999999,1800.0,48.0,22.37273703252049,0.5182235187944111,968.6225589845731,66.27740989289602,3.2611772365210143,0.0519828554625586,1.4250733650405891,-9.295690159728565
hostile_open_ocean,0.73,4.866666666666666e-07,0.0008759999999999999,1800.0,48.0,22.23468831718662,0.5161589867883303,968.5639899986953,66.62780769385374,3.1231285211871445,0.04991832345647779,1.3665043791628477,-8.945292358770843
hostile_open_ocean,0.74,4.933333333333333e-07,0.0008879999999999999,1800.0,48.0,22.098560338667113,0.5141114441707565,968.5060860384567,66.9767008738905,2.987000542667637,0.047870780838904003,1.308600418924243,-8.596399178734089
hostile_open_ocean,0.75,5e-07,0.0009,1800.0,48.0,21.964308272987132,0.5120806977729535,968.4488340077494,67.32410818314052,2.8527484769876565,0.04584003444110102,1.2513483882169112,-8.248991869484058
hostile_open_ocean,0.76,5.066666666666667e-07,0.0009119999999999999,1800.0,48.0,21.831888760405267,0.5100665559182114,968.3922211756403,67.67004791773977,2.720328964405791,0.04382589258635888,1.1947355561078439,-7.903052134884817
hostile_open_ocean,0.77,5.133333333333333e-07,0.0009239999999999999,1800.0,48.0,21.701259845037573,0.5080688284860325,968.3362351633834,68.01453793307361,2.589700049038097,0.04182816515418003,1.1387495438509632,-7.55856211955097
hostile_open_ocean,0.78,5.2e-07,0.000936,1800.0,48.0,21.572380917436135,0.5060873269698718,968.2808639319908,68.3575956566446,2.460821121436659,0.03984666363801931,1.0833783124583078,-7.215504395979977
hostile_open_ocean,0.79,5.266666666666667e-07,0.000948,1800.0,48.0,21.445212659956766,0.5041218645288635,968.2260957703262,68.69923810057148,2.3336528639572904,0.03788120119701105,1.0286101507937246,-6.873861952053105
hostile_open_ocean,0.7999999999999999,5.333333333333332e-07,0.0009599999999999998,1800.0,48.0,21.31971699476079,0.5021722560339571,968.1719192837068,69.03948187372151,2.208157198761313,0.03593159270210461,0.9744336641742848,-6.533618178903069
hostile_open_ocean,0.8099999999999999,5.399999999999999e-07,0.0009719999999999999,1800.0,48.0,21.195857034305998,0.5002383181088408,968.1183233829736,69.37834319349085,2.0842972383065224,0.033997654776988295,0.9208377634411136,-6.194756859133733
hostile_open_ocean,0.82,5.466666666666666e-07,0.0009839999999999998,1800.0,48.0,21.07359703418985,0.4983198691660164,968.0652972740229,69.7158378972347,1.9620372381903728,0.032079205834163904,0.8678116544904242,-5.857262155389876
hostile_open_ocean,0.83,5.533333333333333e-07,0.000996,1800.0,48.0,20.952902348217496,0.49641672943836634,968.0128304477684,70.05198145336051,1.8413425522180198,0.030176066106513855,0.8153448282358795,-5.521118599264071
hostile_open_ocean,0.84,5.599999999999999e-07,0.0010079999999999998,1800.0,48.0,20.833739385573974,0.4945287210065218,967.9609126705094,70.38678897208842,1.7221795895744982,0.028288057674669298,0.7634270509769294,-5.186311080536157
hostile_open_ocean,0.85,5.666666666666666e-07,0.0010199999999999999,1800.0,48.0,20.716075569987904,0.4926556678223293,967.909533974701,70.72027521588984,1.6045157739884282,0.02641500449047679,0.7120483551685766,-4.85282483673474
hostile_open_ocean,0.86,5.733333333333333e-07,0.001032,1800.0,48.0,20.5998793007804,0.4907973957286942,967.858684650082,71.05245460961159,1.4883195047809252,0.024556732396841696,0.6611990305494828,-4.520645443012995
hostile_open_ocean,0.87,5.8e-07,0.001044,1800.0,48.0,20.48511991569946,0.48895373247605206,967.8083552351723,71.38334125029212,1.3735601196999845,0.02271306914419957,0.6108696156397855,-4.189758802332463
hostile_open_ocean,0.88,5.866666666666666e-07,0.0010559999999999999,1800.0,48.0,20.371767655445687,0.48712450773571486,967.7585365091107,71.71294891668137,1.2602078594462114,0.020883844403862373,0.5610508895782687,-3.8601511359432124
hostile_open_ocean,0.89,5.933333333333333e-07,0.001068,1800.0,48.0,20.259793629801496,0.485309553110316,967.7092194837953,72.04129107846752,1.1482338338020206,0.019068889778463494,0.5117338642628511,-3.531808974157059
hostile_open_ocean,0.9,6e-07,0.00108,1800.0,48.0,20.149169785279785,0.4835087021415611,967.6603953963635,72.36838090522392,1.037609989280309,0.01726803880970862,0.46290977683099754,-3.2047191474006667
hostile_open_ocean,0.91,6.066666666666666e-07,0.0010919999999999999,1800.0,48.0,20.039868874214715,0.4817217903154874,967.6120557019391,72.69423127507899,0.9283090782152392,0.015481126983634907,0.41457008240661253,-2.8788687775455912
hostile_open_ocean,0.9199999999999999,6.133333333333332e-07,0.0011039999999999997,1800.0,48.0,19.931864425219647,0.4799486550654105,967.5641920666693,73.01885478312084,0.8203046292201712,0.013707991733558023,0.36670644713683487,-2.5542452695037383
hostile_open_ocean,0.9299999999999999,6.199999999999999e-07,0.0011159999999999998,1800.0,48.0,19.8251307149436,0.478189135772736,967.5167963610475,73.34226374954106,0.713570918944125,0.011948472440883484,0.3193107415149825,-2.230836303083521
hostile_open_ocean,0.94,6.266666666666666e-07,0.0011279999999999999,1800.0,48.0,19.71964274105998,0.476443073765795,967.4698606534578,73.66447022752787,0.6080829450605059,0.010202410433942488,0.27237503392530016,-1.9086298250967104
hostile_open_ocean,0.95,6.333333333333332e-07,0.00114,1800.0,48.0,19.61537619642585,0.47471031231685074,967.4233772040004,73.98548601091323,0.5038164004263734,0.008469648984998246,0.225891584467945,-1.5876140417113476
hostile_open_ocean,0.96,6.399999999999999e-07,0.0011519999999999998,1800.0,48.0,19.512307444353578,0.47299069663743026,967.3773384585194,74.30532264158356,0.4007476483541019,0.006750033305577774,0.1798528389869034,-1.267777411041024
hostile_open_ocean,0.97,6.466666666666666e-07,0.0011639999999999999,1800.0,48.0,19.410413494939103,0.4712840738720913,967.3317370428886,74.62399141666008,0.2988536989396273,0.005043410540238824,0.13425142335609053,-0.9491086359645067
hostile_open_ocean,0.98,6.533333333333333e-07,0.001176,1800.0,48.0,19.309671982395308,0.4695902930907734,967.2865657574674,74.94150339545412,0.19811218639583217,0.003349629758920891,0.08908013793495684,-0.6315966571704621
hostile_open_ocean,0.99,6.599999999999999e-07,0.0011879999999999998,1800.0,48.0,19.21006114334109,0.46790920527982877,967.24181757181,75.25786940620816,0.09850134734161387,0.0016685419479762764,0.04433195227750275,-0.31523064641642407
hostile_open_ocean,1.0,6.666666666666666e-07,0.0012,1800.0,48.0,19.111559795999476,0.4662406633318525,967.1974856195325,75.57310005262458,0.0,0.0,0.0,0.0
hostile_open_ocean,1.01,6.733333333333333e-07,0.001212,1800.0,48.0,19.014147320261046,0.46458452203440553,967.153563193385,75.8872057201914,-0.09741247573843026,-0.0016561412974469558,-0.04392242614744646,0.314105667566821
hostile_open_ocean,1.02,6.8e-07,0.0012239999999999998,1800.0,48.0,18.917803638571066,0.4629406380577336,967.1100437404988,76.20019658231053,-0.19375615742841035,-0.0033000252741188785,-0.08744187903369038,0.627096529685943
hostile_open_ocean,1.03,6.866666666666666e-07,0.001236,1800.0,48.0,18.822509197600734,0.4613088699415608,967.0669208578158,76.51208260623496,-0.2890505983987417,-0.0049317933902917055,-0.13056476171664144,0.9389825536103729
hostile_open_ocean,1.04,6.933333333333333e-07,0.001248,1800.0,48.0,18.72824495066585,0.45968907808104914,967.0241882876571,76.82287355882008,-0.3833148453336257,-0.006551585250803349,-0.17329733187534657,1.2497735061954955
hostile_open_ocean,1.05,7e-07,0.0012599999999999998,1800.0,48.0,18.634992340856904,0.4580811247119918,966.9818399134778,77.13257901209558,-0.4765674551425718,-0.008159538619860685,-0.21564570605471545,1.5594789594709937
hostile_open_ocean,1.06,7.066666666666666e-07,0.001272,1800.0,48.0,18.54273328484824,0.45648487389532594,966.939869755757,77.44120834866354,-0.5688265111512365,-0.009755789436526552,-0.25761586377552703,1.8681082960389546
hostile_open_ocean,1.07,7.133333333333333e-07,0.001284,1800.0,48.0,18.45145015735351,0.4549001915010154,966.8982719680303,77.74877076692786,-0.6601096386459666,-0.011340471830837084,-0.2992136515022139,2.17567071430328
hostile_open_ocean,1.08,7.2e-07,0.001296,1800.0,48.0,18.361125776198698,0.45332694519138184,966.8570408330875,78.05527528616062,-0.7504340198007782,-0.012913718140470654,-0.34044478644500487,2.48217523353604
hostile_open_ocean,1.09,7.266666666666667e-07,0.001308,1800.0,48.0,18.27174338798317,0.4517650044039313,966.8161707592533,78.36073075141086,-0.8398164080163042,-0.014475658927921187,-0.3813148602791898,2.7876306987862733
hostile_open_ocean,1.1,7.333333333333333e-07,0.00132,1800.0,48.0,18.183286654302727,0.45021424033373747,966.7756562768533,78.66514583825997,-0.9282731416967493,-0.01602642299811502,-0.4218293426791888,3.092045785635392
hostile_open_ocean,1.11,7.4e-07,0.001332,1800.0,48.0,18.095739638508736,0.448674525915435,966.7354920347548,78.96852905743005,-1.0158201574907402,-0.017566137416417493,-0.46199358477770147,3.3954290048054645
hostile_open_ocean,1.12,7.466666666666667e-07,0.001344,1800.0,48.0,18.009086792979023,0.4471457358048593,966.6956727970604,79.27088875924733,-1.102473003020453,-0.01909492752699321,-0.5018128224720613,3.6977887066227453
hostile_open_ocean,1.1300000000000001,7.533333333333334e-07,0.001356,1800.0,48.0,17.923312946877797,0.44562774636039015,966.6561934398934,79.57223313796946,-1.188246849121679,-0.020612916971462336,-0.541292179639072,3.99913308534488
hostile_open_ocean,1.1400000000000001,7.6e-07,0.001368,1800.0,48.0,17.838403294382733,0.44412043562403636,966.6170489482984,79.87257023597563,-1.273156501616743,-0.02212022770781613,-0.5804366712341107,4.299470183351048
hostile_open_ocean,1.15,7.666666666666665e-07,0.0013799999999999997,1800.0,48.0,17.754343383358272,0.4426236833022916,966.5782344132504,80.17190794783096,-1.357216412641204,-0.023616980029560863,-0.6192512062821152,4.598807895206377
hostile_open_ocean,1.1600000000000001,7.733333333333334e-07,0.001392,1800.0,48.0,17.67111910445569,0.44113737074681497,966.5397450287517,80.47025402422005,-1.4404406915437846,-0.025103292585037518,-0.6577405907808043,4.897153971595472
hostile_open_ocean,1.17,7.799999999999998e-07,0.0014039999999999999,1800.0,48.0,17.58871668062125,0.4396613809349487,966.5015760890399,80.76761607576447,-1.522843115378226,-0.02657928239690377,-0.6959095304925995,5.194516023139883
hostile_open_ocean,1.1800000000000002,7.866666666666667e-07,0.0014160000000000002,1800.0,48.0,17.5071226569944,0.4381955984501242,966.4637229858844,81.06400157671929,-1.604437139005075,-0.02804506488172831,-0.733762633648098,5.49090152409471
hostile_open_ocean,1.19,7.933333333333332e-07,0.0014279999999999998,1800.0,48.0,17.426323891179337,0.4367399094621698,966.4261812059606,81.35941786855662,-1.6852359048201393,-0.029500753869682705,-0.7713044135718974,5.786317815932037
hostile_open_ocean,1.2000000000000002,8.000000000000001e-07,0.00144,1800.0,48.0,17.34630754387378,0.4352942017075545,966.3889463283178,81.65387216343973,-1.7652522521256948,-0.030946461624297983,-0.808539291214629,6.080772110815147
hostile_open_ocean,1.21,8.066666666666665e-07,0.0014519999999999997,1800.0,48.0,17.267061069839777,0.4338583644695939,966.3520140219438,81.94737154758964,-1.8444987261596992,-0.032382298862258574,-0.8454715975886984,6.374271494965058
hostile_open_ocean,1.2200000000000002,8.133333333333334e-07,0.001464,1800.0,48.0,17.188572209201705,0.4324322885586352,966.3153800433788,82.23992298455096,-1.9229875867977704,-0.0338083747732173,-0.8821055761536627,6.666822931926376
hostile_open_ocean,1.23,8.199999999999999e-07,0.0014759999999999999,1800.0,48.0,17.11082897905798,0.43101586629224764,966.2790402344283,82.5315333183553,-2.000730816941495,-0.03522479703960485,-0.9184453851041781,6.958433265730719
hostile_open_ocean,1.2400000000000002,8.266666666666668e-07,0.0014880000000000002,1800.0,48.0,17.033819665393022,0.42960899147543846,966.2429905199389,82.82220927659066,-2.077740130606454,-0.03663167185641403,-0.9544950995936006,7.249109223966073
hostile_open_ocean,1.25,8.333333333333332e-07,0.0014999999999999998,1800.0,48.0,16.957532815277006,0.42821155938090677,966.2072269056528,83.11195747337628,-2.1540269807224703,-0.03802910395094572,-0.9902587138797116,7.538857420751697
hostile_open_ocean,1.26,8.399999999999999e-07,0.0015119999999999999,1800.0,48.0,16.88195722934139,0.4268234667293609,966.1717454761229,83.4007844122481,-2.2296025666580874,-0.0394171966024916,-1.025740143409621,7.827684359623518
hostile_open_ocean,1.27,8.466666666666666e-07,0.001524,1800.0,48.0,16.80708195451901,0.42544461166990694,966.1365423926942,83.68869648895691,-2.304477841480466,-0.040796051661945554,-1.0609432268382761,8.115596436332325
hostile_open_ocean,1.28,8.533333333333332e-07,0.0015359999999999998,1800.0,48.0,16.73289627703749,0.4240748937605276,966.1016138915455,83.97569999418128,-2.378663518961986,-0.042165769571324896,-1.095871727986946,8.402599941556701
hostile_open_ocean,1.29,8.599999999999999e-07,0.001548,1800.0,48.0,16.659389715656147,0.42271421394866315,966.0669562818084,84.26180111616138,-2.452170080343329,-0.043526449383189336,-1.130529337724056,8.688701063536797
hostile_open_ocean,1.3,8.666666666666666e-07,0.00156,1800.0,48.0,16.586552015135837,0.42136247455190434,966.0325659437211,84.5470059432502,-2.525007780863639,-0.04487818877994815,-1.1649196758113476,8.973905890625616
landfall_transition,0.7,4.666666666666666e-07,0.0008399999999999999,1800.0,48.0,18.998542982816723,0.808537246281753,961.516825484244,89.86490472946659,3.2810529703444278,0.02457243663423503,0.4125990272920035,-13.663275164909749
landfall_transition,0.71,4.733333333333333e-07,0.0008519999999999999,1800.0,48.0,18.866318718449993,0.8077569557451453,961.5009001809975,90.35333662014135,3.1488287059776976,0.023792146097627254,0.39667372404551315,-13.174843274234988
landfall_transition,0.72,4.8e-07,0.0008639999999999999,1800.0,48.0,18.736018647885572,0.8069723646339443,961.4851641480415,90.83928587898748,3.0185286354132774,0.02300755498642626,0.3809376910894571,-12.688894015388854
landfall_transition,0.73,4.866666666666666e-07,0.0008759999999999999,1800.0,48.0,18.607596485610607,0.8061837003143123,961.4696120183384,91.32278044883182,2.890106473138312,0.022218890666794278,0.36538556138634704,-12.205399445544515
landfall_transition,0.74,4.933333333333333e-07,0.0008879999999999999,1800.0,48.0,18.48100761432885,0.8053911801386986,961.4542386336341,91.80384720016896,2.763517601856554,0.02142637049118057,0.3500121766820712,-11.724332694207376
landfall_transition,0.75,5e-07,0.0009,1800.0,48.0,18.35620900524951,0.8045950119564137,961.4390390350565,92.28251198320154,2.638718992777216,0.020630202308895673,0.3348125781044473,-11.245667911174792
landfall_transition,0.76,5.066666666666667e-07,0.0009119999999999999,1800.0,48.0,18.233159142943908,0.8037953945944457,961.424008454173,92.75879967753399,2.515669130471613,0.019830584946927687,0.31978199722095724,-10.76938021684235
landfall_transition,0.77,5.133333333333333e-07,0.0009239999999999999,1800.0,48.0,18.11181795447225,0.8029925183104418,961.4091423045074,93.23273423961432,2.394327941999956,0.019027708662923803,0.304915847555435,-10.29544565476202
landfall_transition,0.78,5.2e-07,0.000936,1800.0,48.0,17.992146742504232,0.8021865652196667,961.3944361734924,93.70433874802302,2.2746567300319374,0.018221755572148668,0.29020971654040295,-9.823841146353317
landfall_transition,0.79,5.266666666666667e-07,0.000948,1800.0,48.0,17.87410812217749,0.8013777096975971,961.3798858148009,94.17363544670081,2.156618109705194,0.017412900050079116,0.2756593578488946,-9.354544447675522
landfall_transition,0.7999999999999999,5.333333333333332e-07,0.0009599999999999998,1800.0,48.0,17.757665961455416,0.8005661187597104,961.3654871410814,94.64064578620075,2.040175948983121,0.016601309112192375,0.26126068412941095,-8.887534108175586
landfall_transition,0.8099999999999999,5.399999999999999e-07,0.0009719999999999999,1800.0,48.0,17.642785324763928,0.7997519524199059,961.3512362170296,95.1053904630525,1.9252953122916328,0.015787142772387908,0.2470097600776171,-8.422789431323835
landfall_transition,0.82,5.466666666666666e-07,0.0009839999999999998,1800.0,48.0,17.52943241970087,0.7989353640289026,961.3371292528105,95.5678894573169,1.8119424072285764,0.014970554381384615,0.23290279585853568,-7.960290437059442
landfall_transition,0.83,5.533333333333333e-07,0.000996,1800.0,48.0,17.417574546627336,0.7981165005938629,961.3231625978015,96.0281620684102,1.7000845341550406,0.01415169094634483,0.21893614084945057,-7.50001782596614
landfall_transition,0.84,5.599999999999999e-07,0.0010079999999999998,1800.0,48.0,17.307180050962703,0.7972955030804032,961.3093327346318,96.48622694927121,1.5896900384904082,0.013330693432885177,0.20510627767976075,-7.041952945105123
landfall_transition,0.85,5.666666666666666e-07,0.0010199999999999999,1800.0,48.0,17.198218278017567,0.796472506698079,961.2956362735084,96.94210213894384,1.480728265545272,0.012507697050560984,0.19140981655641554,-6.586077755432498
landfall_transition,0.86,5.733333333333333e-07,0.001032,1800.0,48.0,17.090659530210115,0.7956476411703509,961.2820699468184,97.39580509364163,1.3731695177378196,0.011682831522832893,0.17784348986640452,-6.132374800734709
landfall_transition,0.87,5.8e-07,0.001044,1800.0,48.0,16.98447502652201,0.7948210309899768,961.2686306039811,97.84735271636158,1.2669850140497143,0.010856221342458783,0.1644041470291313,-5.680827178014752
landfall_transition,0.88,5.866666666666666e-07,0.0010559999999999999,1800.0,48.0,16.87963686405928,0.7939927956607082,961.2553152065461,98.29676138510949,1.162146851586984,0.010027986013190215,0.15108874959412333,-5.231418509266845
landfall_transition,0.89,5.933333333333333e-07,0.001068,1800.0,48.0,16.776117981592908,0.7931630499261126,961.2421208235206,98.74404697979641,1.0586279691206126,0.009198240278594616,0.13789436656861653,-4.784132914579928
landfall_transition,0.9,6e-07,0.00108,1800.0,48.0,16.673892124962034,0.7923319039862896,961.2290446269207,99.18922490786481,0.956402112489739,0.008367094338771586,0.12481816996864836,-4.338954986511524
landfall_transition,0.91,6.066666666666666e-07,0.0010919999999999999,1800.0,48.0,16.57293381423032,0.7914994637031962,961.2160838875103,99.63231012869868,0.8554438017580264,0.007534654055678214,0.11185743055830244,-3.8958697656776593
landfall_transition,0.9199999999999999,6.133333333333332e-07,0.0011039999999999997,1800.0,48.0,16.473218312493444,0.790665830795253,961.2032359707679,100.07331717687288,0.7557283000211488,0.006701021147734965,0.0990095138158722,-3.4548627175034596
landfall_transition,0.9299999999999999,6.199999999999999e-07,0.0011159999999999998,1800.0,48.0,16.374721596241706,0.7898311030218531,961.1904983330064,100.5122601842884,0.6572315837694109,0.005866293374335085,0.08627187605441122,-3.0159197100879425
landfall_transition,0.94,6.266666666666666e-07,0.0011279999999999999,1800.0,48.0,16.27742032718876,0.7889953743583709,961.177868517686,100.94915290124729,0.5599303147164658,0.005030564710852836,0.07364206073395962,-2.579026993129048
landfall_transition,0.95,6.333333333333332e-07,0.00114,1800.0,48.0,16.181291825482454,0.7881587351622077,961.1653441519031,101.38400871650995,0.4638018130101589,0.004193925514689667,0.06111769495112185,-2.144171177866383
landfall_transition,0.96,6.399999999999999e-07,0.0011519999999999998,1800.0,48.0,16.086314044219492,0.7873212723303964,961.1529229430109,101.8168406763809,0.3688240317471969,0.0033564626828783695,0.04869648605892962,-1.7113392179954303
landfall_transition,0.97,6.466666666666666e-07,0.0011639999999999999,1800.0,48.0,15.992465545190356,0.7864830694492445,961.1406026754233,102.24766150286705,0.2749755327180612,0.0025182598017264857,0.03637621847133232,-1.2805183915092897
landfall_transition,0.98,6.533333333333333e-07,0.001176,1800.0,48.0,15.899725475785814,0.7856442069364661,961.1283812075408,102.67648361094636,0.18223546331351947,0.001679397288948059,0.024154750588763818,-0.8516962834299733
landfall_transition,0.99,6.599999999999999e-07,0.0011879999999999998,1800.0,48.0,15.808073547000431,0.7848047621762307,961.1162564688136,103.10331912499089,0.09058353452813606,0.0008399525287127174,0.012030011861611456,-0.4248607693854467
landfall_transition,1.0,6.666666666666666e-07,0.0012,1800.0,48.0,15.717490012472295,0.783964809647518,961.104226456952,103.52817989437634,0.0,0.0,0.0,0.0
landfall_transition,1.01,6.733333333333333e-07,0.001212,1800.0,48.0,15.627955648502578,0.7831244210461618,961.0922892352388,103.95107750831936,-0.08953436396971703,-0.0008403886013562678,-0.011937221713196777,0.4228976139430216
landfall_transition,1.02,6.8e-07,0.0012239999999999998,1800.0,48.0,15.539451735001137,0.7822836654009223,961.0804429299719,104.3720233099736,-0.17803827747115797,-0.0016811442465957116,-0.02378352698008257,0.843843415597263
landfall_transition,1.03,6.866666666666666e-07,0.001236,1800.0,48.0,15.45196003730837,0.7814426091839257,961.0686857280157,104.79102840981966,-0.2655299751639255,-0.0025222004635923057,-0.03554072893632565,1.2628485154433235
landfall_transition,1.04,6.933333333333333e-07,0.001248,1800.0,48.0,15.365462788846068,0.7806013164157707,961.0570158744565,105.20810369837973,-0.3520272236262265,-0.0033634932317473387,-0.047210582495495146,1.6799238040033941
landfall_transition,1.05,7e-07,0.0012599999999999998,1800.0,48.0,15.279942674553157,0.7797598487655993,961.0454316703665,105.62325985828706,-0.43754733791913836,-0.0042049608819186846,-0.05879478658550852,2.0950799639107203
landfall_transition,1.06,7.066666666666666e-07,0.001272,1800.0,48.0,15.195382815064617,0.7789182656464012,961.0339314706506,106.03650737574026,-0.5221071974076779,-0.005046544001116815,-0.07029498630140552,2.5083274813639207
landfall_transition,1.07,7.133333333333333e-07,0.001284,1800.0,48.0,15.111766751594473,0.7780766243058054,961.0225136819971,106.44785655136992,-0.6057232608778218,-0.005888185341712648,-0.08171277495489448,2.9196766569935875
landfall_transition,1.08,7.2e-07,0.001296,1800.0,48.0,15.029078431485997,0.777234979912611,961.0111767609144,106.85731751054446,-0.6884115809862976,-0.006729829734906989,-0.09304969603761037,3.3291376161681256
landfall_transition,1.09,7.266666666666667e-07,0.001308,1800.0,48.0,14.947302194394615,0.7763933856392701,960.9999192118468,107.26490021313899,-0.7701878180776802,-0.007571424008247951,-0.1043072451052467,3.73672031876265
landfall_transition,1.1,7.333333333333333e-07,0.00132,1800.0,48.0,14.866422759070552,0.7755518927405474,960.9887395853709,107.67061446279511,-0.8510672534017427,-0.008412916906970658,-0.1154868715810835,4.142434568418778
landfall_transition,1.11,7.4e-07,0.001332,1800.0,48.0,14.786425210710798,0.7747105506285533,960.9776364764664,108.07446991569135,-0.9310648017614973,-0.009254259018964706,-0.12658998048561898,4.546290021315016
landfall_transition,1.12,7.466666666666667e-07,0.001344,1800.0,48.0,14.707294988851206,0.7738694069443436,960.9666085228699,108.47647608884989,-1.0101950236210886,-0.010095402703174439,-0.13761793408207268,4.948296194473556
landfall_transition,1.1300000000000001,7.533333333333334e-07,0.001356,1800.0,48.0,14.629017875771357,0.7730285076262567,960.9556544034787,108.87664236799873,-1.088472136700938,-0.01093630202126128,-0.14857205347334457,5.348462473622391
landfall_transition,1.1400000000000001,7.6e-07,0.001368,1800.0,48.0,14.551579985386665,0.7721878969751688,960.9447728368355,109.2749780150097,-1.16591002708563,-0.01177691267234926,-0.15945362011655106,5.746798120633358
landfall_transition,1.15,7.666666666666665e-07,0.0013799999999999997,1800.0,48.0,14.474967752603106,0.7713476177168154,960.9339625796753,109.67149217493623,-1.2425222598691885,-0.012617191930702654,-0.17026387727673864,6.143312280559897
landfall_transition,1.1600000000000001,7.733333333333334e-07,0.001392,1800.0,48.0,14.39916792311177,0.7705077110613335,960.9232224255176,110.06619388266175,-1.3183220893605245,-0.01345709858618449,-0.18100403143444055,6.538013988285414
landfall_transition,1.17,7.799999999999998e-07,0.0014039999999999999,1800.0,48.0,14.324167543601732,0.7696682167601683,960.9125512033404,110.45909206918598,-1.3933224688705632,-0.014296592887349746,-0.19167525361160642,6.930912174809649
landfall_transition,1.1800000000000002,7.866666666666667e-07,0.0014160000000000002,1800.0,48.0,14.249953952370351,0.768829173160471,960.9019477762799,110.85019556755812,-1.4675360601019438,-0.015135636487047077,-0.202278680672066,7.322015673181781
landfall_transition,1.19,7.933333333333332e-07,0.0014279999999999998,1800.0,48.0,14.176514770312227,0.7679906172571227,960.8914110404103,111.2395131184797,-1.5409752421600675,-0.015974192390395325,-0.21281541654172997,7.71133322410337
landfall_transition,1.2000000000000002,8.000000000000001e-07,0.00144,1800.0,48.0,14.103837892268023,0.7671525847424935,960.8809399235499,111.62705337558918,-1.6136521202042715,-0.016812224905024542,-0.22328653340207438,8.098873481212848
landfall_transition,1.21,8.066666666666665e-07,0.0014519999999999997,1800.0,48.0,14.031911478716289,0.7663151100540587,960.8705333841344,112.01282491044375,-1.685578533756006,-0.0176496995934593,-0.233693072817573,8.484645016067418
landfall_transition,1.2200000000000002,8.133333333333334e-07,0.001464,1800.0,48.0,13.960723947791701,0.7654782264199711,960.8601904101218,112.39683621721495,-1.756766064680594,-0.018486583227546927,-0.24403604683016056,8.868656322838618
landfall_transition,1.23,8.199999999999999e-07,0.0014759999999999999,1800.0,48.0,13.89026396761448,0.7646419659026945,960.8499100179429,112.77909571710994,-1.8272260448578148,-0.019322843744823515,-0.2543164390091306,9.250915822733603
landfall_transition,1.2400000000000002,8.266666666666668e-07,0.0014880000000000002,1800.0,48.0,13.820520448916115,0.7638063594407904,960.8396912515058,113.15961176253184,-1.8969695635561798,-0.020158450206727574,-0.26453520544623643,9.631431868155502
landfall_transition,1.25,8.333333333333332e-07,0.0014999999999999998,1800.0,48.0,13.751482537947892,0.762971436888949,960.829533181221,113.53839264099234,-1.9660074745244032,-0.02099337275856905,-0.27469327573101054,10.010212746616006
landfall_transition,1.26,8.399999999999999e-07,0.0015119999999999999,1800.0,48.0,13.683139609658774,0.7621372270563496,960.819434903081,113.9154465787884,-2.034350402813521,-0.02182758259116846,-0.2847915538710595,10.387266684412069
landfall_transition,1.27,8.466666666666666e-07,0.001524,1800.0,48.0,13.615481261130482,0.7613037577434283,960.8093955377651,114.29078174445473,-2.1020087513418133,-0.022661051904089735,-0.29483091918689297,10.762601850078397
landfall_transition,1.28,8.533333333333332e-07,0.0015359999999999998,1800.0,48.0,13.548497305258037,0.7604710557771382,960.7994142297878,114.66440625200345,-2.168992707214258,-0.023493753870379774,-0.3048122271642342,11.136226357627109
landfall_transition,1.29,8.599999999999999e-07,0.001548,1800.0,48.0,13.482177764664286,0.7596391470447555,960.789490146672,115.03632816395962,-2.235312247808009,-0.024325662602762477,-0.3147363102799545,11.508148269583288
landfall_transition,1.3,8.666666666666666e-07,0.00156,1800.0,48.0,13.416512865838355,0.7588080565263224,960.7796224781642,115.40655549420559,-2.30097714663394,-0.025156753121195585,-0.3246039787877635,11.878375599829255
